timestamp,elapsed_seconds,worker_rss_bytes,gpu_used_mib,gpu_total_mib
1790605038.5038846,0.35103215300000556,208896,0,15360
1790605039.5399783,1.3871261689999983,477323264,0,15360
1790605040.5764933,2.423640685999999,536612864,0,15360
1790605041.612555,3.459702185999987,622194688,3,15360
1790605042.6535137,4.500661051999998,663977984,3,15360
1790605043.6905327,5.537679800999996,707534848,3,15360
1790605044.7423785,6.589525901999991,990810112,13,15360
1790605045.778017,7.625164526999981,1019621376,187,15360
1790605046.8156407,8.662788047999982,1033465856,187,15360
1790605047.8507001,9.69784756499999,1060663296,187,15360
1790605048.884046,10.731193380000008,1099169792,187,15360
1790605049.9184322,11.765579514999985,1111519232,187,15360
1790605050.9527519,12.799899189000001,1336348672,459,15360
1790605051.9874043,13.834551571999981,1699942400,2159,15360
1790605053.0234675,14.870614923999995,1752932352,2461,15360
1790605054.057787,15.904934245999982,1752944640,2461,15360
1790605055.092741,16.939888335999996,1752961024,2461,15360
1790605056.1276898,17.974837194999992,1754198016,2461,15360
1790605057.1623218,19.00946914299999,1754198016,2461,15360
1790605058.1960654,20.04321292199998,1755426816,2461,15360
1790605059.2325182,21.079665500999994,1755426816,2461,15360
1790605060.2670448,22.114192118000005,1757884416,2461,15360
1790605061.304732,23.151879409999992,1754198016,2461,15360
1790605062.3388329,24.185980132999987,1755426816,2461,15360
1790605063.373284,25.220431327,1755426816,2461,15360
1790605064.4077303,26.254877653999984,1757884416,2461,15360
1790605065.4439592,27.291106557000006,1754198016,2461,15360
1790605066.478619,28.325766523,1755426816,2461,15360
1790605067.5154352,29.362582755000005,1755426816,2461,15360
1790605068.5523446,30.399491901000005,1755426816,2461,15360
1790605069.5884912,31.43563858799999,1755426816,2461,15360
1790605070.6263897,32.47353727800001,1755426816,2461,15360
1790605071.6607752,33.50792248100001,1755426816,2461,15360
1790605072.6971128,34.54425999600002,1755426816,2461,15360
1790605073.7317832,35.57893049399999,1755426816,2461,15360
1790605074.7665222,36.613669380999994,1767292928,2463,15360
1790605075.8038766,37.651024063999984,1769750528,2463,15360
1790605076.8424633,38.68961044599999,1769836544,2463,15360
1790605077.8777654,39.72491267000001,1771327488,2463,15360
1790605078.9119024,40.759049601999976,1769750528,2463,15360
1790605079.9472537,41.79440107899998,1772208128,2463,15360
1790605080.981089,42.82823618699999,1770979328,2463,15360
1790605082.016195,43.86334231700002,1770979328,2463,15360
1790605083.0535798,44.90072697100001,1770979328,2463,15360
1790605084.0892444,45.936391617,1771065344,2463,15360
1790605085.1238039,46.97095103000001,1771065344,2463,15360
1790605086.1614895,48.00863676700001,1771065344,2463,15360
1790605087.19636,49.04350753999998,1769750528,2463,15360
1790605088.2315161,50.078663406000004,1768521728,2463,15360
1790605089.2674003,51.114547531,1770979328,2463,15360
1790605090.3080814,52.155228764999976,1772208128,2463,15360
1790605091.3424919,53.18963916599998,1771065344,2463,15360
1790605092.3768678,54.224015084,1771065344,2463,15360
1790605093.4163842,55.263531589999985,1771065344,2463,15360
1790605094.4508243,56.29797151799997,1771065344,2463,15360
1790605095.487471,57.334618499000015,1771065344,2463,15360
1790605096.5238998,58.371047292999975,1771065344,2463,15360
1790605097.5587761,59.405923403,1771065344,2463,15360
1790605098.592515,60.43966242399998,1767292928,2463,15360
1790605099.6298053,61.476952523999984,1769750528,2463,15360
1790605100.6681824,62.51532960799997,1769750528,2463,15360
1790605101.7029433,63.550090514999994,1772208128,2463,15360
1790605102.7387736,64.585920791,1772208128,2463,15360
1790605103.774299,65.62144620500001,1772208128,2463,15360
1790605104.8099911,66.65713841099998,1769750528,2463,15360
1790605105.8437724,67.69091979700002,1769750528,2463,15360
1790605106.8788357,68.72598317200001,1770979328,2463,15360
1790605107.9142036,69.76135091400002,1770979328,2463,15360
1790605108.951921,70.79906826499999,1770979328,2463,15360
1790605109.9916174,71.83876486599999,1770979328,2463,15360
1790605111.0283334,72.875480743,1770979328,2463,15360
1790605112.0647209,73.911868279,1771065344,2463,15360
1790605113.1013591,74.94850660900002,1771065344,2463,15360
1790605114.1357102,75.98285762599997,1764966400,2463,15360
1790605115.1706474,77.01779456299997,1769750528,2463,15360
1790605116.2054029,78.05255030599997,1769750528,2463,15360
1790605117.2420678,79.08921514300002,1769922560,2463,15360
1790605118.2798896,80.12703683099997,1769922560,2463,15360
1790605119.316097,81.16324424799998,1772380160,2463,15360
1790605120.350477,82.19762422099998,1772380160,2463,15360
1790605121.3844554,83.23160256499997,1772380160,2463,15360
1790605122.4191062,84.266253546,1771069440,2463,15360
1790605123.4570081,85.30415539499998,1768521728,2463,15360
1790605124.4942482,86.341395613,1769750528,2463,15360
1790605125.5314505,87.378598036,1769750528,2463,15360
1790605126.5694363,88.41658357200001,1769750528,2463,15360
1790605127.6040251,89.45117246099997,1769750528,2463,15360
1790605128.6383226,90.485470016,1768521728,2463,15360
1790605129.6723354,91.519482678,1769750528,2463,15360
1790605130.7064693,92.55361665000001,1771065344,2463,15360
1790605131.743854,93.59100140199999,1771065344,2463,15360
1790605132.780199,94.627346507,1771065344,2463,15360
1790605133.8145866,95.661734037,1768521728,2463,15360
1790605134.848538,96.69568513699997,1770979328,2463,15360
1790605135.8827076,97.72985509600002,1770979328,2463,15360
1790605136.9203877,98.76753517699998,1770979328,2463,15360
1790605137.9582627,99.80541002099997,1770979328,2463,15360
1790605138.9957395,100.84288662700001,1772208128,2463,15360
1790605140.0344982,101.88164550399998,1765138432,2463,15360
1790605141.0702286,102.91737594899999,1771151360,2463,15360
1790605142.1079836,103.95513097900002,1771151360,2463,15360
1790605143.1467924,104.99393981199998,1775894528,2463,15360
1790605144.182158,106.02930542200002,1770979328,2463,15360
1790605145.2166378,107.06378521899998,1773436928,2463,15360
1790605146.2528007,108.09994814899997,1770098688,2463,15360
1790605147.2883794,109.13552664900001,1770098688,2463,15360
1790605148.3235128,110.170660191,1767292928,2463,15360
1790605149.357824,111.20497137599997,1769750528,2463,15360
1790605150.3938727,112.241019991,1769750528,2463,15360
1790605151.4305117,113.277659006,1769922560,2463,15360
1790605152.4695625,114.31670976899997,1769922560,2463,15360
1790605153.5068185,115.35396593699997,1769922560,2463,15360
1790605154.5434854,116.39063287999997,1768869888,2463,15360
1790605155.5817559,117.42890341199998,1769750528,2463,15360
1790605156.6174433,118.46459056799998,1769922560,2463,15360
1790605157.6517978,119.498945024,1769922560,2463,15360
1790605158.6866205,120.53376759099999,1769922560,2463,15360
1790605159.7241027,121.57124996000002,1769922560,2463,15360
1790605160.759642,122.606789185,1772208128,2463,15360
1790605161.7961862,123.64333350500002,1772208128,2463,15360
1790605162.8324318,124.67957917499999,1772208128,2463,15360
1790605163.8679278,125.715075026,1773436928,2463,15360
1790605164.902972,126.75011937600001,1773436928,2463,15360
1790605165.9372804,127.78442781499999,1770979328,2463,15360
1790605166.9732978,128.820445131,1771151360,2463,15360
1790605168.0086162,129.85576355599997,1771151360,2463,15360
1790605169.0463097,130.893456961,1771151360,2463,15360
1790605170.0823598,131.92950712,1771151360,2463,15360
1790605171.1177154,132.964862878,1771151360,2463,15360
1790605172.153895,134.001042231,1770979328,2463,15360
1790605173.188089,135.035236184,1767292928,2463,15360
1790605174.2247133,136.07186069999997,1769750528,2463,15360
1790605175.265125,137.11227248999998,1772208128,2463,15360
1790605176.3021305,138.14927787899998,1771327488,2463,15360
1790605177.337791,139.18493827,1771327488,2463,15360
1790605178.3722403,140.21938766999997,1772208128,2463,15360
1790605179.4068651,141.25401253200002,1769750528,2463,15360
1790605180.4415817,142.288729056,1769922560,2463,15360
1790605181.476704,143.32385140799997,1769922560,2463,15360
1790605182.5134294,144.36057678900002,1769922560,2463,15360
1790605183.5492382,145.396385669,1769922560,2463,15360
1790605184.587464,146.434611385,1772208128,2463,15360
1790605185.6221576,147.469304725,1772208128,2463,15360
1790605186.656723,148.50387026299998,1772208128,2463,15360
1790605187.6911628,149.538310198,1772208128,2463,15360
1790605188.7266293,150.573776718,1772208128,2463,15360
1790605189.762979,151.61012621,1772556288,2463,15360
1790605190.7981539,152.645301337,1772556288,2463,15360
1790605191.832361,153.679508346,1769750528,2463,15360
1790605192.867541,154.714688251,1769750528,2463,15360
1790605193.9027112,155.74985846399997,1769750528,2463,15360
1790605194.938358,156.785505261,1771151360,2463,15360
1790605195.9737887,157.82093594299997,1771151360,2463,15360
1790605197.0118005,158.858947889,1771327488,2463,15360
1790605198.0469732,159.894120551,1768521728,2463,15360
1790605199.0815394,160.928686517,1769750528,2463,15360
1790605200.1174002,161.96454724999998,1769922560,2463,15360
1790605201.1563826,163.003529605,1769922560,2463,15360
1790605202.192182,164.03932934499997,1769922560,2463,15360
1790605203.228275,165.07542233899997,1769922560,2463,15360
1790605204.264315,166.11146230299997,1769922560,2463,15360
1790605205.3003187,167.14746603799998,1769922560,2463,15360
1790605206.3348641,168.182011572,1769922560,2463,15360
1790605207.3704338,169.217580954,1770008576,2463,15360
1790605208.41222,170.259367244,1770008576,2463,15360
1790605209.4491117,171.296259108,1770008576,2463,15360
1790605210.48502,172.332167415,1770008576,2463,15360
1790605211.5196013,173.366748646,1770008576,2463,15360
1790605212.5537527,174.40089988600002,1770008576,2463,15360
1790605213.5893123,175.43645958199997,1773608960,2463,15360
1790605214.6231732,176.47032040399998,1773608960,2463,15360
1790605215.658491,177.50563810399998,1768869888,2463,15360
1790605216.6941068,178.54125432499998,1769750528,2463,15360
1790605217.7299814,179.57712866199998,1769836544,2463,15360
1790605218.7645133,180.611660592,1769836544,2463,15360
1790605219.800496,181.64764357599998,1769836544,2463,15360
1790605220.8367085,182.683855879,1772208128,2463,15360
1790605221.8710787,183.71822589,1771327488,2463,15360
1790605222.908501,184.755648337,1769922560,2463,15360
1790605223.9422393,185.789386554,1769922560,2463,15360
1790605224.9779303,186.82507759899997,1769922560,2463,15360
1790605226.015167,187.862314285,1769922560,2463,15360
1790605227.0499308,188.89707827700002,1769922560,2463,15360
1790605228.0841343,189.931281708,1769922560,2463,15360
1790605229.118386,190.96553315100002,1769922560,2463,15360
1790605230.1540136,192.001160886,1769922560,2463,15360
1790605231.1922605,193.039407814,1769922560,2463,15360
1790605232.2273135,194.07446071399997,1769922560,2463,15360
1790605233.2631412,195.110288547,1771327488,2463,15360
1790605234.29775,196.144897257,1771327488,2463,15360
1790605235.3322222,197.179369557,1771327488,2463,15360
1790605236.3664167,198.213563929,1771327488,2463,15360
1790605237.4022176,199.249365005,1771327488,2463,15360
1790605238.4364803,200.28362757699998,1769922560,2463,15360
1790605239.4716187,201.31876592199998,1769922560,2463,15360
1790605240.5076237,202.354770914,1769922560,2463,15360
1790605241.543818,203.390965249,1769922560,2463,15360
1790605242.5788152,204.42596265699999,1769922560,2463,15360
1790605243.6139581,205.461105609,1769922560,2463,15360
1790605244.6500096,206.49715695799998,1769922560,2463,15360
1790605245.6847932,207.531940627,1769922560,2463,15360
1790605246.719241,208.56638813599997,1769922560,2463,15360
1790605247.754302,209.601449271,1769750528,2463,15360
1790605248.788716,210.635863297,1769750528,2463,15360
1790605249.822457,211.6696044,1769750528,2463,15360
1790605250.8565705,212.70371799400002,1769750528,2463,15360
1790605251.8925178,213.739665163,1772208128,2463,15360
1790605252.9284444,214.77559165699998,1772208128,2463,15360
1790605253.963126,215.81027333799997,1772208128,2463,15360
1790605254.999426,216.846573114,1770979328,2463,15360
1790605256.0335588,217.88070613,1771151360,2463,15360
1790605257.0688288,218.91597624099998,1771151360,2463,15360
1790605258.1036024,219.950749699,1771151360,2463,15360
1790605259.1388464,220.98599377999997,1771151360,2463,15360
1790605260.1732917,222.02043900599998,1772208128,2463,15360
1790605261.2074044,223.05455152300001,1772208128,2463,15360
1790605262.2437391,224.09088651099998,1768521728,2463,15360
1790605263.2785845,225.12573199300002,1769750528,2463,15360
1790605264.314036,226.16118337599997,1772208128,2463,15360
1790605265.351312,227.198459209,1768693760,2463,15360
1790605266.388069,228.23521612,1769750528,2463,15360
1790605267.4238088,229.270956079,1772208128,2463,15360
1790605268.4597492,230.30689633400002,1770979328,2463,15360
1790605269.4953754,231.34252254499998,1770979328,2463,15360
1790605270.5297298,232.376877021,1770979328,2463,15360
1790605271.5652022,233.412349482,1770979328,2463,15360
1790605272.599318,234.44646535500002,1769750528,2463,15360
1790605273.6353447,235.48249193299998,1769750528,2463,15360
1790605274.6714823,236.518630091,1771151360,2463,15360
1790605275.7060754,237.55322261299997,1771151360,2463,15360
1790605276.741256,238.58840330799998,1771151360,2463,15360
1790605277.776386,239.62353326999997,1771327488,2463,15360
1790605278.8112216,240.65836872999998,1771327488,2463,15360
1790605279.8469958,241.69414283199998,1771327488,2463,15360
1790605280.8823977,242.72954488399998,1771327488,2463,15360
1790605281.9183784,243.765525586,1768521728,2463,15360
1790605282.9545593,244.80170639899998,1769750528,2463,15360
1790605283.9902503,245.83739746299997,1772208128,2463,15360
1790605285.0249639,246.87211115199997,1770098688,2463,15360
1790605286.0617468,247.90889417600002,1770098688,2463,15360
1790605287.097832,248.94497905299997,1773957120,2463,15360
1790605288.1338298,249.980977299,1770979328,2463,15360
1790605289.1693444,251.016491797,1770979328,2463,15360
1790605290.2043793,252.051526719,1770979328,2463,15360
1790605291.2392354,253.086382575,1770979328,2463,15360
1790605292.2747867,254.12193419399998,1770979328,2463,15360
1790605293.3097022,255.15684956200002,1772208128,2463,15360
1790605294.3485932,256.195740525,1772208128,2463,15360
1790605295.384955,257.232102358,1772208128,2463,15360
1790605296.421096,258.26824352200003,1772208128,2463,15360
1790605297.456558,259.30370548099995,1769750528,2463,15360
1790605298.4938319,260.340979176,1769750528,2463,15360
1790605299.5306537,261.37780092799994,1772208128,2463,15360
1790605300.5684948,262.41564215999995,1771327488,2463,15360
1790605301.6041687,263.45131605200004,1769750528,2463,15360
1790605302.6398604,264.48700785899996,1772208128,2463,15360
1790605303.6743479,265.52149505399996,1772208128,2463,15360
1790605304.7101586,266.55730605099996,1772208128,2463,15360
1790605305.745213,267.592360302,1768693760,2463,15360
1790605306.7804632,268.62761044399997,1771151360,2463,15360
1790605307.816817,269.663964556,1771151360,2463,15360
1790605308.8534074,270.70055496,1771151360,2463,15360
1790605309.8888724,271.73601972899996,1771151360,2463,15360
1790605310.9234672,272.77061457900004,1764966400,2463,15360
1790605311.9580352,273.805182448,1769750528,2463,15360
1790605312.9942815,274.84142867799994,1769750528,2463,15360
1790605314.0287795,275.87592676199995,1769750528,2463,15360
1790605315.0661895,276.91333689399994,1769750528,2463,15360
1790605316.1057942,277.95294179099994,1769922560,2463,15360
1790605317.1417139,278.98886127599997,1772556288,2463,15360
1790605318.1789458,280.02609304400005,1768869888,2463,15360
1790605319.2127385,281.05988591000005,1771327488,2463,15360
1790605320.247271,282.094418397,1771327488,2463,15360
1790605321.285486,283.13263336800003,1768693760,2463,15360
1790605322.3225586,284.169706142,1769750528,2463,15360
1790605323.358592,285.205739472,1769836544,2463,15360
1790605324.3939738,286.24112096299996,1769836544,2463,15360
1790605325.4300554,287.277202846,1773436928,2463,15360
1790605326.4641678,288.31131526800004,1773436928,2463,15360
1790605327.4990945,289.34624173,1769750528,2463,15360
1790605328.5350878,290.382235338,1772208128,2463,15360
1790605329.5710444,291.4181916680001,1770979328,2463,15360
1790605330.6153684,292.462515705,1770979328,2463,15360
1790605331.650284,293.4974313270001,1770979328,2463,15360
1790605332.6862392,294.533386425,1770979328,2463,15360
1790605333.7204945,295.56764178599997,1770979328,2463,15360
1790605334.7563815,296.603528817,1769750528,2463,15360
1790605335.7922492,297.63939653500006,1769922560,2463,15360
1790605336.8307376,298.67788492700004,1769922560,2463,15360
1790605337.867141,299.714288572,1769922560,2463,15360
1790605338.9040735,300.75122087400007,1770979328,2463,15360
1790605339.940332,301.78747918199997,1770979328,2463,15360
1790605340.9759176,302.82306506500004,1770979328,2463,15360
1790605342.0142019,303.861349218,1770979328,2463,15360
1790605343.0481813,304.895328531,1770979328,2463,15360
1790605344.0836556,305.930802793,1771327488,2463,15360
1790605345.1178076,306.96495475300003,1772208128,2463,15360
1790605346.1536262,308.00077319600007,1769750528,2463,15360
1790605347.1889555,309.03610297,1769750528,2463,15360
1790605348.2233505,310.070497843,1769750528,2463,15360
1790605349.2611744,311.108321876,1769922560,2463,15360
1790605350.3012893,312.14843677,1769922560,2463,15360
1790605351.3389285,313.186075651,1771151360,2463,15360
1790605352.3744051,314.221552458,1771151360,2463,15360
1790605353.4121509,315.25929808700005,1771327488,2463,15360
1790605354.4494238,316.29657104500006,1768521728,2463,15360
1790605355.4851391,317.33228657100005,1769922560,2463,15360
1790605356.5204754,318.36762262,1769922560,2463,15360
1790605357.5553603,319.40250742600006,1769922560,2463,15360
1790605358.59179,320.43893743,1769922560,2463,15360
1790605359.627427,321.47457421,1770098688,2463,15360
1790605360.6695457,322.516693047,1770098688,2463,15360
1790605361.7051847,323.552332095,1772208128,2463,15360
1790605362.7431777,324.5903250690001,1772208128,2463,15360
1790605363.781517,325.62866419500006,1768693760,2463,15360
1790605364.8191104,326.66625777600007,1769922560,2463,15360
1790605365.8555005,327.702647973,1771327488,2463,15360
1790605366.8899746,328.737121862,1772380160,2463,15360
1790605367.9241188,329.77126606,1771499520,2463,15360
1790605368.9587512,330.805898511,1772208128,2463,15360
1790605369.9944396,331.841586935,1772208128,2463,15360
1790605371.028383,332.87553030900006,1772208128,2463,15360
1790605372.064443,333.91159058900007,1772208128,2463,15360
1790605373.1007416,334.9478889850001,1772208128,2463,15360
1790605374.1364574,335.98360482500004,1772208128,2463,15360
1790605375.1735308,337.02067813200006,1772208128,2463,15360
1790605376.2071598,338.054307085,1772208128,2463,15360
1790605377.2445939,339.091741255,1772208128,2463,15360
1790605378.284389,340.13153630700003,1772208128,2463,15360
1790605379.3202775,341.16742501500005,1772208128,2463,15360
1790605380.3560965,342.20324378500004,1772208128,2463,15360
1790605381.391107,343.23825454000007,1772208128,2463,15360
1790605382.4258037,344.27295104000007,1772208128,2463,15360
1790605383.462097,345.30924421200007,1772208128,2463,15360
1790605384.4958956,346.34304285300004,1772208128,2463,15360
1790605385.531528,347.37867524600006,1772208128,2463,15360
1790605386.5676258,348.414772898,1772208128,2463,15360
1790605387.603866,349.45101335100003,1773809664,2463,15360
1790605388.638469,350.48561635,1773809664,2463,15360
1790605389.6737323,351.52087981700004,1773809664,2463,15360
1790605390.7078257,352.554972893,1773809664,2463,15360
1790605391.7431467,353.590294083,1773809664,2463,15360
1790605392.779757,354.626904311,1773809664,2463,15360
1790605393.8157752,355.662922577,1773809664,2463,15360
1790605394.8526835,356.699831032,1773809664,2463,15360
1790605395.887209,357.734356379,1773809664,2463,15360
1790605396.9222078,358.769354957,1769750528,2463,15360
1790605397.9567688,359.803916017,1769836544,2463,15360
1790605398.992415,360.839562442,1772294144,2463,15360
1790605400.0282624,361.87540967100006,1771151360,2463,15360
1790605401.0631378,362.910285229,1771151360,2463,15360
1790605402.0986063,363.94575368100004,1771151360,2463,15360
1790605403.1335742,364.98072158,1771327488,2463,15360
1790605404.1691706,366.01631808600007,1771327488,2463,15360
1790605405.2034543,367.050601552,1771327488,2463,15360
1790605406.2418685,368.089015969,1770979328,2463,15360
1790605407.2773983,369.124545732,1770979328,2463,15360
1790605408.316495,370.163642214,1770979328,2463,15360
1790605409.3537357,371.20088307800006,1772208128,2463,15360
1790605410.388417,372.2355643000001,1772208128,2463,15360
1790605411.4240618,373.27120915,1772208128,2463,15360
1790605412.4613132,374.30846058300006,1772208128,2463,15360
1790605413.4967828,375.343930118,1768521728,2463,15360
1790605414.5344703,376.381617623,1769922560,2463,15360
1790605415.5694718,377.41661901200007,1769922560,2463,15360
1790605416.6052787,378.452426147,1770979328,2463,15360
1790605417.6390982,379.486245587,1770979328,2463,15360
1790605418.675295,380.522442503,1772294144,2463,15360
1790605419.7095823,381.55672969500006,1772294144,2463,15360
1790605420.743705,382.590852551,1772294144,2463,15360
1790605421.7804177,383.62756502700006,1769750528,2463,15360
1790605422.815903,384.66305029600005,1769750528,2463,15360
1790605423.8512676,385.69841480900004,1771151360,2463,15360
1790605424.8860874,386.733234754,1771151360,2463,15360
1790605425.9216928,387.76884034400007,1771151360,2463,15360
1790605426.957449,388.80459643300003,1771151360,2463,15360
1790605427.9936292,389.840776419,1771237376,2463,15360
1790605429.02814,390.875287278,1771237376,2463,15360
1790605430.0652006,391.912347876,1771237376,2463,15360
1790605431.0993762,392.946523382,1771237376,2463,15360
1790605432.136514,393.983661265,1771237376,2463,15360
1790605433.1715991,395.01874637000003,1771237376,2463,15360
1790605434.2079768,396.05512395799997,1771237376,2463,15360
1790605435.2421384,397.089285625,1771237376,2463,15360
1790605436.276585,398.123732617,1773436928,2463,15360
1790605437.3132012,399.16034853300005,1773436928,2463,15360
1790605438.3487978,400.19594495399997,1772294144,2463,15360
1790605439.3852546,401.232402011,1768693760,2463,15360
1790605440.4198964,402.26704374100007,1771151360,2463,15360
1790605441.455041,403.30218848800007,1771151360,2463,15360
1790605442.4926414,404.33978885500005,1771151360,2463,15360
1790605443.5286086,405.37575589900007,1772208128,2463,15360
1790605444.5643456,406.41149302300005,1772208128,2463,15360
1790605445.598793,407.445940373,1770979328,2463,15360
1790605446.6330156,408.48016289400005,1769750528,2463,15360
1790605447.667888,409.5150352520001,1769750528,2463,15360
1790605448.704593,410.551740107,1772208128,2463,15360
1790605449.7392662,411.5864133040001,1770979328,2463,15360
1790605450.773285,412.620432082,1770979328,2463,15360
1790605451.8105125,413.65766007,1770979328,2463,15360
1790605452.8467445,414.69389194200005,1770979328,2463,15360
1790605453.8814979,415.728645251,1770979328,2463,15360
1790605454.9181228,416.765270388,1771151360,2463,15360
1790605455.9531186,417.80026588500004,1772208128,2463,15360
1790605456.9876928,418.83484011200005,1768521728,2463,15360
1790605458.0224776,419.869624898,1770979328,2463,15360
1790605459.057263,420.90441007800007,1771151360,2463,15360
1790605460.0913515,421.93849892700007,1771151360,2463,15360
1790605461.1284466,422.97559385400007,1768693760,2463,15360
1790605462.165594,424.01274127500005,1771151360,2463,15360
1790605463.2020261,425.049173711,1771151360,2463,15360
1790605464.236727,426.083874359,1772208128,2463,15360
1790605465.272351,427.119498101,1772208128,2463,15360
1790605466.3108404,428.15798763400005,1770979328,2463,15360
1790605467.3472998,429.19444730200007,1770979328,2463,15360
1790605468.3821583,430.229305735,1768693760,2463,15360
1790605469.4179137,431.265060997,1771065344,2463,15360
1790605470.4531019,432.300249087,1771065344,2463,15360
1790605471.4872956,433.33444312000006,1769750528,2463,15360
1790605472.5234015,434.37054885500004,1769750528,2463,15360
1790605473.5572019,435.40434936400004,1769836544,2463,15360
1790605474.5911539,436.43830124400006,1769922560,2463,15360
1790605475.627584,437.47473141500006,1769922560,2463,15360
1790605476.6636589,438.510806116,1769922560,2463,15360
1790605477.699031,439.5461784390001,1769922560,2463,15360
1790605478.7351289,440.582276053,1772208128,2463,15360
1790605479.7703621,441.61750948200006,1770979328,2463,15360
1790605480.8053832,442.652530492,1770979328,2463,15360
1790605481.841056,443.688203337,1772208128,2463,15360
1790605482.8755105,444.722657947,1768693760,2463,15360
1790605483.912087,445.75923429500006,1769750528,2463,15360
1790605484.947579,446.79472623000004,1769750528,2463,15360
1790605485.9821172,447.829264418,1769750528,2463,15360
1790605487.0195668,448.866714206,1771151360,2463,15360
1790605488.055274,449.90242169400005,1771151360,2463,15360
1790605489.0904484,450.937595657,1771151360,2463,15360
1790605490.1278176,451.97496494000006,1769836544,2463,15360
1790605491.1625257,453.009672895,1772294144,2463,15360
1790605492.197908,454.0450552,1770979328,2463,15360
1790605493.2347417,455.08188900900007,1769836544,2463,15360
1790605494.2688453,456.115992441,1772294144,2463,15360
1790605495.3064518,457.153599158,1772294144,2463,15360
1790605496.341717,458.188864339,1769750528,2463,15360
1790605497.3772795,459.224426839,1769750528,2463,15360
1790605498.4113398,460.258486952,1769922560,2463,15360
1790605499.4458635,461.29301066200003,1769922560,2463,15360
1790605500.4812882,462.328435475,1769922560,2463,15360
1790605501.515217,463.3623643220001,1769922560,2463,15360
1790605502.5520098,464.399157091,1769922560,2463,15360
1790605503.5901315,465.437278912,1771327488,2463,15360
1790605504.6251879,466.472335157,1771327488,2463,15360
1790605505.6602168,467.507364457,1771327488,2463,15360
1790605506.6947408,468.54188801500004,1771327488,2463,15360
1790605507.72888,469.576027243,1771327488,2463,15360
1790605508.766378,470.61352519600007,1771327488,2463,15360
1790605509.8008125,471.64795983700003,1771327488,2463,15360
1790605510.834509,472.68165611300003,1771327488,2463,15360
1790605511.868461,473.715608137,1771327488,2463,15360
1790605512.9045763,474.7517235600001,1772208128,2463,15360
1790605513.941776,475.78892328899997,1769750528,2463,15360
1790605514.9767973,476.82394462499997,1768693760,2463,15360
1790605516.0127213,477.85986884700003,1769922560,2463,15360
1790605517.0475886,478.89473588600003,1770979328,2463,15360
1790605518.0821228,479.92927013100007,1770979328,2463,15360
1790605519.1163511,480.963498547,1771151360,2463,15360
1790605520.1520162,481.999163385,1772208128,2463,15360
1790605521.187265,483.034412416,1769799680,2463,15360
1790605522.2212625,484.06840975600005,1769799680,2463,15360
1790605523.2554345,485.10258191900004,1769885696,2463,15360
1790605524.2919915,486.13913897200007,1769885696,2463,15360
1790605525.3257103,487.17285758,1771114496,2463,15360
1790605526.360132,488.20727954100005,1771114496,2463,15360
1790605527.3947701,489.241917524,1771114496,2463,15360
1790605528.4293556,490.27650284599997,1771200512,2463,15360
1790605529.4664133,491.3135605140001,1771200512,2463,15360
1790605530.504903,492.352050597,1771286528,2463,15360
1790605531.5414104,493.38855787600005,1768919040,2463,15360
1790605532.5761383,494.42328549600006,1771548672,2463,15360
1790605533.6101544,495.45730192999997,1771548672,2463,15360
1790605534.6448793,496.49202665200005,1771548672,2463,15360
1790605535.6806412,497.52778872,1771548672,2463,15360
1790605536.7151337,498.562280967,1771548672,2463,15360
1790605537.7504601,499.597607487,1771548672,2463,15360
1790605538.7849555,500.632102839,1771548672,2463,15360
1790605539.8205984,501.66774555200004,1772343296,2463,15360
1790605540.8563604,502.70350775400004,1772343296,2463,15360
1790605541.8907812,503.73792843,1773486080,2463,15360
1790605542.9250422,504.772189485,1771028480,2463,15360
1790605543.9607956,505.807943118,1771028480,2463,15360
1790605544.9955404,506.84268780499997,1771028480,2463,15360
1790605546.0300498,507.87719708200007,1768919040,2463,15360
1790605547.0650592,508.91220633500006,1769799680,2463,15360
1790605548.0993006,509.9464477920001,1769885696,2463,15360
1790605549.1340714,510.981218539,1769885696,2463,15360
1790605550.1690183,512.016165634,1771376640,2463,15360
1790605551.2027454,513.0498925950001,1771376640,2463,15360
1790605552.2395341,514.086681533,1771376640,2463,15360
1790605553.273692,515.1208393840001,1772257280,2463,15360
1790605554.3084989,516.155646281,1772257280,2463,15360
1790605555.3432105,517.190357811,1772257280,2463,15360
1790605556.3813312,518.228478557,1772257280,2463,15360
1790605557.4164371,519.263584569,1772257280,2463,15360
1790605558.4503868,520.297533981,1768742912,2463,15360
1790605559.484746,521.3318933420001,1771200512,2463,15360
1790605560.520868,522.368015477,1772257280,2463,15360
1790605561.5550842,523.402231656,1768570880,2463,15360
1790605562.5903397,524.4374870610001,1769799680,2463,15360
1790605563.6249387,525.4720860150001,1771200512,2463,15360
1790605564.6601586,526.507306085,1772257280,2463,15360
1790605565.6980193,527.5451666800001,1769971712,2463,15360
1790605566.7338994,528.581046476,1769971712,2463,15360
1790605567.768284,529.6154316110001,1769971712,2463,15360
1790605568.8028524,530.649999673,1769971712,2463,15360
1790605569.8382277,531.685374962,1770147840,2463,15360
1790605570.8745174,532.721664762,1769799680,2463,15360
1790605571.910948,533.7580954800001,1769799680,2463,15360
1790605572.9458954,534.793042721,1769885696,2463,15360
1790605573.9819055,535.829052727,1771200512,2463,15360
1790605575.0165906,536.863738044,1771200512,2463,15360
1790605576.0507443,537.897891576,1771200512,2463,15360
1790605577.0871434,538.93429079,1771200512,2463,15360
1790605578.1216996,539.968846854,1771200512,2463,15360
1790605579.1563444,541.003491738,1771200512,2463,15360
1790605580.1929684,542.040115785,1769971712,2463,15360
1790605581.230461,543.0776082450001,1769971712,2463,15360
1790605582.2648296,544.111977148,1771200512,2463,15360
1790605583.3000333,545.147180466,1772429312,2463,15360
1790605584.3367586,546.183905793,1768570880,2463,15360
1790605585.3716283,547.218775591,1771028480,2463,15360
1790605586.406772,548.253919227,1772429312,2463,15360
1790605587.4408896,549.288036958,1772429312,2463,15360
1790605588.4770792,550.324226356,1772429312,2463,15360
1790605589.5112903,551.358437666,1772429312,2463,15360
1790605590.5465977,552.3937450660001,1772429312,2463,15360
1790605591.581391,553.428538432,1769799680,2463,15360
1790605592.6183264,554.4654739380001,1769799680,2463,15360
1790605593.6534429,555.500590349,1768570880,2463,15360
1790605594.6876132,556.534760444,1771028480,2463,15360
1790605595.7218523,557.568999535,1769799680,2463,15360
1790605596.756097,558.603244271,1769799680,2463,15360
1790605597.7907727,559.637919964,1769799680,2463,15360
1790605598.8266053,560.673752633,1769799680,2463,15360
1790605599.8622067,561.709354089,1769971712,2463,15360
1790605600.8961985,562.743345747,1769971712,2463,15360
1790605601.9323275,563.7794747930001,1771200512,2463,15360
1790605602.971113,564.8182603280001,1771376640,2463,15360
1790605604.0066268,565.85377421,1771376640,2463,15360
1790605605.0407877,566.887935061,1771376640,2463,15360
1790605606.0748138,567.921961365,1769799680,2463,15360
1790605607.1100893,568.957236459,1769799680,2463,15360
1790605608.1463923,569.993539521,1769885696,2463,15360
1790605609.1809292,571.0280767,1769971712,2463,15360
1790605610.2150857,572.062232984,1771376640,2463,15360
1790605611.2521434,573.099290729,1772257280,2463,15360
1790605612.2870367,574.134184051,1769799680,2463,15360
1790605613.3212993,575.168446536,1769799680,2463,15360
1790605614.3556247,576.202771961,1772257280,2463,15360
1790605615.389524,577.236671482,1769799680,2463,15360
1790605616.423719,578.270866122,1769971712,2463,15360
1790605617.4588194,579.305966571,1771114496,2463,15360
1790605618.495272,580.342419316,1771114496,2463,15360
1790605619.5311785,581.378325849,1771114496,2463,15360
1790605620.5722783,582.4194257830001,1769799680,2463,15360
1790605621.610744,583.457891427,1769799680,2463,15360
1790605622.6450255,584.4921729050001,1769971712,2463,15360
1790605623.6792705,585.52641763,1769971712,2463,15360
1790605624.7147753,586.561922667,1769971712,2463,15360
1790605625.750696,587.597843372,1769971712,2463,15360
1790605626.7860906,588.633237953,1769971712,2463,15360
1790605627.8206584,589.6678056850001,1771200512,2463,15360
1790605628.8560693,590.703216689,1771200512,2463,15360
1790605629.891275,591.738422373,1771200512,2463,15360
1790605630.9272969,592.774444012,1771200512,2463,15360
1790605631.961779,593.8089265790001,1771200512,2463,15360
1790605632.9974923,594.844639541,1771200512,2463,15360
1790605634.0357924,595.8829396350001,1771200512,2463,15360
1790605635.0714862,596.918633643,1771200512,2463,15360
1790605636.10551,597.952657312,1771200512,2463,15360
1790605637.1399465,598.98709376,1771200512,2463,15360
1790605638.1737213,600.0208687620001,1771200512,2463,15360
1790605639.208867,601.056014319,1771200512,2463,15360
1790605640.2422485,602.0893958510001,1771200512,2463,15360
1790605641.2762702,603.1234174800001,1771200512,2463,15360
1790605642.3116457,604.158793104,1772257280,2463,15360
1790605643.3507712,605.1979186880001,1772257280,2463,15360
1790605644.3909543,606.238101562,1766592512,2463,15360
1790605645.4317684,607.278915664,1769799680,2463,15360
1790605646.467263,608.314410281,1769799680,2463,15360
1790605647.5057678,609.3529151500001,1769971712,2463,15360
1790605648.5447574,610.391904445,1771028480,2463,15360
1790605649.584466,611.4316133340001,1771028480,2463,15360
1790605650.6291513,612.476298597,1771028480,2463,15360
1790605651.66429,613.511437447,1771114496,2463,15360
1790605652.6995518,614.54669917,1771028480,2463,15360
1790605653.7345922,615.581739543,1771028480,2463,15360
1790605654.7698524,616.616999748,1771028480,2463,15360
1790605655.8060853,617.653232702,1769533440,2463,15360
1790605656.8415053,618.688652647,1773486080,2463,15360
1790605657.876215,619.723362406,1769799680,2463,15360
1790605658.9109204,620.758067649,1769091072,2463,15360
1790605659.9470544,621.794201711,1769799680,2463,15360
1790605660.983107,622.830254336,1769799680,2463,15360
1790605662.0198896,623.8670368740001,1769971712,2463,15360
1790605663.0545664,624.901713596,1770147840,2463,15360
1790605664.0917437,625.938890978,1771376640,2463,15360
1790605665.128821,626.975968457,1771376640,2463,15360
1790605666.1690183,628.016165655,1771376640,2463,15360
1790605667.2056162,629.052763504,1772257280,2463,15360
1790605668.2401097,630.0872568990001,1768742912,2463,15360
1790605669.274754,631.121901369,1767342080,2463,15360
1790605670.317406,632.1645532480001,1769799680,2463,15360
1790605671.3525608,633.199707931,1769799680,2463,15360
1790605672.3873627,634.234510083,1769971712,2463,15360
1790605673.4230268,635.270174145,1769971712,2463,15360
1790605674.4584897,636.305637021,1771200512,2463,15360
1790605675.4932752,637.340422334,1771200512,2463,15360
1790605676.5288696,638.376016989,1771200512,2463,15360
1790605677.5654414,639.412588549,1771200512,2463,15360
1790605678.6008587,640.4480059260001,1772257280,2463,15360
1790605679.6362557,641.483403148,1772257280,2463,15360
1790605680.675784,642.5229315290001,1768919040,2463,15360
1790605681.7109153,643.558062673,1771376640,2463,15360
1790605682.747787,644.594934342,1771376640,2463,15360
1790605683.7821379,645.629285276,1767428096,2463,15360
1790605684.8180444,646.6651918150001,1769885696,2463,15360
1790605685.853629,647.700776665,1769885696,2463,15360
1790605686.8886137,648.735761127,1772257280,2463,15360
1790605687.9258904,649.773037844,1771028480,2463,15360
1790605688.9615173,650.8086647050001,1772257280,2463,15360
1790605689.9968188,651.843965917,1772257280,2463,15360
1790605691.033548,652.880695424,1772257280,2463,15360
1790605692.0697224,653.916869807,1772257280,2463,15360
1790605693.1051137,654.9522610810001,1768742912,2463,15360
1790605694.140689,655.9878362540001,1767342080,2463,15360
1790605695.175805,657.022952475,1769799680,2463,15360
1790605696.2122633,658.059411027,1769799680,2463,15360
1790605697.2475755,659.0947229340001,1771200512,2463,15360
1790605698.2825456,660.129693003,1771200512,2463,15360
1790605699.3192706,661.16641801,1771200512,2463,15360
1790605700.3569748,662.204122112,1771200512,2463,15360
1790605701.3941252,663.241272695,1771200512,2463,15360
1790605702.4295993,664.276746444,1771200512,2463,15360
1790605703.4645016,665.311648738,1771200512,2463,15360
1790605704.499498,666.346645278,1771200512,2463,15360
1790605705.5343735,667.3815210170001,1772257280,2463,15360
1790605706.5716865,668.4188338,1772257280,2463,15360
1790605707.6067677,669.453914854,1768742912,2463,15360
1790605708.6423578,670.489505031,1771200512,2463,15360
1790605709.6790776,671.5262251300001,1771200512,2463,15360
1790605710.716664,672.56381151,1771200512,2463,15360
1790605711.75252,673.599667626,1771200512,2463,15360
1790605712.789946,674.6370935,1771200512,2463,15360
1790605713.8249123,675.672059786,1771200512,2463,15360
1790605714.860495,676.707642486,1768656896,2463,15360
1790605715.8958387,677.742985987,1769885696,2463,15360
1790605716.9315462,678.77869344,1771200512,2463,15360
1790605717.9692729,679.816420061,1771200512,2463,15360
1790605719.0052648,680.85241201,1767342080,2463,15360
1790605720.0409973,681.88814473,1769799680,2463,15360
1790605721.077979,682.925126525,1769799680,2463,15360
1790605722.1138008,683.960948014,1769799680,2463,15360
1790605723.15136,684.998507219,1769971712,2463,15360
1790605724.1891413,686.036288423,1769971712,2463,15360
1790605725.2253158,687.072463273,1771114496,2463,15360
1790605726.2616925,688.1088398100001,1771114496,2463,15360
1790605727.2998292,689.146976454,1771114496,2463,15360
1790605728.3374321,690.1845793150001,1771376640,2463,15360
1790605729.3760016,691.223148894,1771028480,2463,15360
1790605730.4114487,692.258596138,1771028480,2463,15360
1790605731.4457953,693.2929427060001,1771028480,2463,15360
1790605732.4793575,694.326504825,1771028480,2463,15360
1790605733.5160384,695.363185878,1771028480,2463,15360
1790605734.5542612,696.401408819,1773486080,2463,15360
1790605735.5928352,697.439982558,1769799680,2463,15360
1790605736.629988,698.477135299,1772257280,2463,15360
1790605737.6681461,699.515293434,1768656896,2463,15360
1790605738.7073524,700.5544998180001,1771114496,2463,15360
1790605739.7413785,701.588525963,1772257280,2463,15360
1790605740.775583,702.622730262,1768570880,2463,15360
1790605741.8130186,703.660166057,1771028480,2463,15360
1790605742.8504977,704.6976451290001,1768570880,2463,15360
1790605743.8853838,705.732531314,1771028480,2463,15360
1790605744.9215882,706.7687356590001,1771229184,2463,15360
1790605745.9565642,707.80371157,1771229184,2463,15360
1790605746.996028,708.843175366,1771229184,2463,15360
1790605748.0323753,709.879522599,1771229184,2463,15360
1790605749.067698,710.914845315,1771229184,2463,15360
1790605750.105206,711.9523533180001,1771229184,2463,15360
1790605751.1419241,712.989071341,1771229184,2463,15360
1790605752.1785598,714.025707104,1771229184,2463,15360
1790605753.2172809,715.064428229,1771229184,2463,15360
1790605754.253088,716.100235372,1771229184,2463,15360
1790605755.290473,717.1376202270001,1771229184,2463,15360
1790605756.3270853,718.17423277,1771229184,2463,15360
1790605757.364223,719.21137046,1771229184,2463,15360
1790605758.3992593,720.2464067440001,1771229184,2463,15360
1790605759.4342887,721.281435905,1771229184,2463,15360
1790605760.4694817,722.316629163,1771229184,2463,15360
1790605761.5049407,723.352088266,1771229184,2463,15360
1790605762.5424006,724.389547976,1771229184,2463,15360
1790605763.579191,725.426338451,1771229184,2463,15360
1790605764.615854,726.46300133,1771229184,2463,15360
1790605765.6521742,727.4993217150001,1771229184,2463,15360
1790605766.690291,728.537438406,1771229184,2463,15360
1790605767.7274613,729.574608643,1771229184,2463,15360
1790605768.7636876,730.610835116,1767342080,2463,15360
1790605769.8002002,731.647347468,1769799680,2463,15360
1790605770.8399327,732.687080091,1769799680,2463,15360
1790605771.8758292,733.722976625,1769885696,2463,15360
1790605772.9127584,734.759905599,1771200512,2463,15360
1790605773.9508154,735.797962892,1772257280,2463,15360
1790605774.994176,736.8413233050001,1769799680,2463,15360
1790605776.0318182,737.878965741,1769799680,2463,15360
1790605777.070272,738.917419386,1771376640,2463,15360
1790605778.1102915,739.957438817,1772257280,2463,15360
1790605779.147952,740.995099374,1772257280,2463,15360
1790605780.1844876,742.031635066,1771028480,2463,15360
1790605781.2222939,743.0694410250001,1771028480,2463,15360
1790605782.2570732,744.104220555,1771028480,2463,15360
1790605783.2940903,745.14123768,1771028480,2463,15360
1790605784.3299575,746.177104613,1772429312,2463,15360
1790605785.3674886,747.2146358050001,1769091072,2463,15360
1790605786.4040222,748.2511695430001,1771548672,2463,15360
1790605787.4420028,749.2891500970001,1773486080,2463,15360
1790605788.4807417,750.327888989,1768570880,2463,15360
1790605789.5182524,751.3653994800001,1769799680,2463,15360
1790605790.5538404,752.400987845,1769971712,2463,15360
1790605791.5895035,753.4366508210001,1769971712,2463,15360
1790605792.6245139,754.471661227,1769971712,2463,15360
1790605793.6623905,755.509537901,1771200512,2463,15360
1790605794.7009628,756.548110198,1769799680,2463,15360
1790605795.7368662,757.584013643,1769799680,2463,15360
1790605796.773536,758.620683258,1771200512,2463,15360
1790605797.8097398,759.656887029,1771200512,2463,15360
1790605798.8453047,760.692452042,1772257280,2463,15360
1790605799.8807447,761.727891948,1768570880,2463,15360
1790605800.915739,762.762886449,1769799680,2463,15360
1790605801.9515328,763.7986800900001,1769799680,2463,15360
1790605802.9869325,764.834079887,1769799680,2463,15360
1790605804.021934,765.869081419,1769971712,2463,15360
1790605805.057596,766.904743195,1769971712,2463,15360
1790605806.093249,767.940396246,1769971712,2463,15360
1790605807.129205,768.976352349,1771200512,2463,15360
1790605808.1662354,770.0133828200001,1768570880,2463,15360
1790605809.2031806,771.0503278900001,1772257280,2463,15360
1790605810.2387884,772.085935615,1772257280,2463,15360
1790605811.2760527,773.123200168,1771028480,2463,15360
1790605812.3113618,774.1585091320001,1771028480,2463,15360
1790605813.3475296,775.1946769790001,1771028480,2463,15360
1790605814.3826928,776.229840341,1772429312,2463,15360
1790605815.4209487,777.2680961770001,1769971712,2463,15360
1790605816.458929,778.306076424,1771200512,2463,15360
1790605817.494333,779.34148038,1771200512,2463,15360
1790605818.5292203,780.376367631,1764384768,2463,15360
1790605819.567334,781.414481374,1770090496,2463,15360
1790605820.6149304,782.46207783,1770090496,2463,15360
1790605821.6556122,783.502759467,1771319296,2463,15360
1790605822.6920812,784.5392284960001,1771319296,2463,15360
1790605823.7302277,785.577374931,1771319296,2463,15360
1790605824.7656078,786.612755212,1771495424,2463,15360
1790605825.800395,787.647542376,1771495424,2463,15360
1790605826.8350623,788.682209552,1771495424,2463,15360
1790605827.8719609,789.719108278,1771495424,2463,15360
1790605828.908626,790.755773672,1771495424,2463,15360
1790605829.9464178,791.793565393,1771495424,2463,15360
1790605830.9833217,792.8304689170001,1770090496,2463,15360
1790605832.0198352,793.866982539,1772548096,2463,15360
1790605833.0562599,794.903407258,1769209856,2463,15360
1790605834.0940506,795.941197882,1770266624,2463,15360
1790605835.1296828,796.976830115,1771495424,2463,15360
1790605836.1662893,798.0134367960001,1771495424,2463,15360
1790605837.204454,799.051601379,1772548096,2463,15360
1790605838.2406034,800.0877506940001,1771319296,2463,15360
1790605839.2770326,801.1241800170001,1773776896,2463,15360
1790605840.317399,802.16454619,1770090496,2463,15360
1790605841.354746,803.2018934099999,1770266624,2463,15360
1790605842.390236,804.237383357,1770266624,2463,15360
1790605843.4276152,805.274762512,1770266624,2463,15360
1790605844.4651062,806.31225352,1770090496,2463,15360
1790605845.5034575,807.350604967,1770090496,2463,15360
1790605846.5416012,808.38874855,1770090496,2463,15360
1790605847.5775456,809.4246931929999,1770266624,2463,15360
1790605848.6154437,810.4625910720001,1771667456,2463,15360
1790605849.6514566,811.498603965,1771319296,2463,15360
1790605850.6885154,812.5356626089999,1771319296,2463,15360
1790605851.7264194,813.5735667450001,1771319296,2463,15360
1790605852.7660635,814.613210772,1771495424,2463,15360
1790605853.8031745,815.65032178,1765306368,2463,15360
1790605854.8391669,816.686314224,1770090496,2463,15360
1790605855.8770697,817.724217335,1770090496,2463,15360
1790605856.9134054,818.76055288,1771495424,2463,15360
1790605857.9502418,819.7973892,1771495424,2463,15360
1790605858.9858572,820.8330045499999,1771495424,2463,15360
1790605860.0238101,821.8709574310001,1771495424,2463,15360
1790605861.0609813,822.90812854,1770266624,2463,15360
1790605862.095391,823.9425382480001,1770266624,2463,15360
1790605863.1310585,824.978205718,1770266624,2463,15360
1790605864.165999,826.0131463160001,1772724224,2463,15360
1790605865.2021503,827.0492977389999,1770090496,2463,15360
1790605866.2397456,828.086893012,1770090496,2463,15360
1790605867.2761998,829.123347231,1770090496,2463,15360
1790605868.3147197,830.16186698,1770090496,2463,15360
1790605869.3510098,831.198157221,1769037824,2463,15360
1790605870.3883393,832.2354864419999,1772257280,2463,15360
1790605871.4247093,833.2718568570001,1771028480,2463,15360
1790605872.4643137,834.3114612439999,1771028480,2463,15360
1790605873.5026076,835.3497549020001,1771028480,2463,15360
1790605874.541046,836.3881933980001,1771028480,2463,15360
1790605875.5785751,837.4257223940001,1771028480,2463,15360
1790605876.6137276,838.460874871,1771028480,2463,15360
1790605877.6511354,839.4982828490001,1772257280,2463,15360
1790605878.6865985,840.5337459720001,1771028480,2463,15360
1790605879.7221808,841.569328302,1771028480,2463,15360
1790605880.758268,842.6054153939999,1771028480,2463,15360
1790605881.7959514,843.643098667,1771114496,2463,15360
1790605882.8314717,844.678618848,1771114496,2463,15360
1790605883.866317,845.7134643270001,1771114496,2463,15360
1790605884.9010923,846.7482397900001,1771114496,2463,15360
1790605885.9370804,847.784227633,1771114496,2463,15360
1790605886.9740455,848.821192746,1771200512,2463,15360
1790605888.0136058,849.8607533019999,1771200512,2463,15360
1790605889.048822,850.895969383,1773486080,2463,15360
1790605890.084016,851.9311635450001,1772257280,2463,15360
1790605891.1203413,852.967488663,1772257280,2463,15360
1790605892.1587684,854.005915837,1768919040,2463,15360
1790605893.1948779,855.0420250950001,1769971712,2463,15360
1790605894.2325025,856.0796500060001,1769799680,2463,15360
1790605895.2685876,857.115734918,1769799680,2463,15360
1790605896.30484,858.151987645,1769799680,2463,15360
1790605897.34171,859.188857435,1769799680,2463,15360
1790605898.3776648,860.2248120080001,1769885696,2463,15360
1790605899.412922,861.2600691780001,1769885696,2463,15360
1790605900.449923,862.2970705099999,1769885696,2463,15360
1790605901.4866989,863.3338460990001,1771114496,2463,15360
1790605902.5216837,864.3688310320001,1771114496,2463,15360
1790605903.5585363,865.4056836340001,1771376640,2463,15360
1790605904.593094,866.440241428,1771028480,2463,15360
1790605905.6286569,867.47580419,1771028480,2463,15360
1790605906.6670706,868.514218134,1768742912,2463,15360
1790605907.707581,869.55472846,1771200512,2463,15360
1790605908.7445865,870.591733836,1772257280,2463,15360
1790605909.780236,871.627383453,1772257280,2463,15360
1790605910.8163047,872.663452084,1772257280,2463,15360
1790605911.8522744,873.699421825,1771114496,2463,15360
1790605912.8883066,874.7354539990001,1771114496,2463,15360
1790605913.92533,875.7724773120001,1772257280,2463,15360
1790605914.9619355,876.809082926,1772257280,2463,15360
1790605915.9987006,877.8458478340001,1768742912,2463,15360
1790605917.0341036,878.88125098,1769799680,2463,15360
1790605918.0695913,879.9167386040001,1769799680,2463,15360
1790605919.105374,880.952521557,1768742912,2463,15360
1790605920.1422353,881.989382661,1772445696,2463,15360
1790605921.1803403,883.027487499,1768845312,2463,15360
1790605922.2158582,884.063005447,1769816064,2463,15360
1790605923.255904,885.1030512980001,1769816064,2463,15360
1790605924.2942898,886.1414372730001,1769816064,2463,15360
1790605925.331218,887.178365295,1769816064,2463,15360
1790605926.3704672,888.217614337,1769816064,2463,15360
1790605927.407986,889.2551332539999,1771044864,2463,15360
1790605928.4468968,890.2940443520001,1771044864,2463,15360
1790605929.4817286,891.3288758420001,1768587264,2463,15360
1790605930.5185213,892.3656688789999,1768587264,2463,15360
1790605931.5544274,893.4015748510001,1768587264,2463,15360
1790605932.5903416,894.437488932,1768587264,2463,15360
1790605933.6300764,895.477223852,1768587264,2463,15360
1790605934.66906,896.516207425,1768587264,2463,15360
1790605935.7083275,897.5554749360001,1768587264,2463,15360
1790605936.7519784,898.599125682,1768587264,2463,15360
1790605937.7890167,899.6361642470001,1768587264,2463,15360
1790605938.8265693,900.673716583,1768587264,2463,15360
1790605939.8627377,901.709885445,1768587264,2463,15360
1790605940.8976924,902.7448396699999,1769816064,2463,15360
1790605941.933254,903.780401174,1769816064,2463,15360
1790605942.9682522,904.815399479,1772273664,2463,15360
1790605944.010401,905.857548335,1769799680,2463,15360
1790605945.0467205,906.8938678060001,1769799680,2463,15360
1790605946.0839772,907.9311250410001,1772257280,2463,15360
1790605947.119623,908.9667702849999,1769799680,2463,15360
1790605948.1553526,910.0024998900001,1769799680,2463,15360
1790605949.191233,911.0383804339999,1768742912,2463,15360
1790605950.2303429,912.077490357,1769885696,2463,15360
1790605951.2682335,913.11538068,1772343296,2463,15360
1790605952.3037066,914.150854037,1772343296,2463,15360
1790605953.3395069,915.1866544300001,1772343296,2463,15360
1790605954.374366,916.221513469,1768919040,2463,15360
1790605955.4101284,917.257275849,1769971712,2463,15360
1790605956.447802,918.2949493890001,1769971712,2463,15360
1790605957.4836245,919.330771913,1769971712,2463,15360
1790605958.520303,920.367450513,1772257280,2463,15360
1790605959.557156,921.404303459,1768570880,2463,15360
1790605960.5979855,922.445132806,1771028480,2463,15360
1790605961.6346369,923.481784155,1769799680,2463,15360
1790605962.6731532,924.520300748,1769799680,2463,15360
1790605963.7099946,925.557141921,1772257280,2463,15360
1790605964.7467618,926.593909234,1771028480,2463,15360
1790605965.7858698,927.633017072,1771028480,2463,15360
1790605966.821938,928.6690853380001,1771200512,2463,15360
1790605967.8574336,929.7045808800001,1771200512,2463,15360
1790605968.8964276,930.7435747740001,1769799680,2463,15360
1790605969.9337587,931.780906039,1769799680,2463,15360
1790605970.9713695,932.818516693,1769799680,2463,15360
1790605972.009131,933.856278367,1769799680,2463,15360
1790605973.0470035,934.894150562,1772257280,2463,15360
1790605974.0830247,935.930172133,1771028480,2463,15360
1790605975.1204858,936.967633085,1771028480,2463,15360
1790605976.1594634,938.006610828,1771028480,2463,15360
1790605977.1992033,939.0463507019999,1771028480,2463,15360
1790605978.238426,940.085573093,1771028480,2463,15360
1790605979.278424,941.125571451,1771118592,2463,15360
1790605980.3228831,942.1700303719999,1771118592,2463,15360
1790605981.3607159,943.2078631930001,1771118592,2463,15360
1790605982.3974965,944.2446440159999,1772257280,2463,15360
1790605983.433308,945.2804552110001,1772257280,2463,15360
1790605984.4706917,946.31783911,1768570880,2463,15360
1790605985.5081687,947.355316053,1771028480,2463,15360
1790605986.546218,948.3933651730001,1771028480,2463,15360
1790605987.5828214,949.429968812,1771028480,2463,15360
1790605988.6192286,950.4663760420001,1771028480,2463,15360
1790605989.6556244,951.5027718240001,1771290624,2463,15360
1790605990.697965,952.5451120959999,1771290624,2463,15360
1790605991.7351947,953.582342038,1771290624,2463,15360
1790605992.772255,954.619402326,1771290624,2463,15360
1790605993.8087838,955.655931171,1769799680,2463,15360
1790605994.8445437,956.6916911410001,1769799680,2463,15360
1790605995.8811204,957.728267921,1769799680,2463,15360
1790605996.9195316,958.766678829,1771114496,2463,15360
1790605997.9570484,959.8041956689999,1771114496,2463,15360
1790605998.9942203,960.8413676719999,1771114496,2463,15360
1790606000.0304275,961.8775746880001,1772257280,2463,15360
1790606001.0669813,962.9141286220001,1772257280,2463,15360
1790606002.1024523,963.9495995500001,1769799680,2463,15360
1790606003.138816,964.985963393,1769799680,2463,15360
1790606004.176114,966.023261392,1769799680,2463,15360
1790606005.2124877,967.059635174,1769971712,2463,15360
1790606006.2494833,968.096630449,1772429312,2463,15360
1790606007.286427,969.13357447,1769799680,2463,15360
1790606008.3223548,970.169502038,1769799680,2463,15360
1790606009.360512,971.2076592789999,1772257280,2463,15360
1790606010.398555,972.245702421,1771376640,2463,15360
1790606011.433987,973.2811340810001,1771376640,2463,15360
1790606012.4716914,974.3188386270001,1771028480,2463,15360
1790606013.5088184,975.355965796,1771028480,2463,15360
1790606014.544854,976.392001342,1771028480,2463,15360
1790606015.5809467,977.428094122,1771028480,2463,15360
1790606016.6167111,978.463858715,1771028480,2463,15360
1790606017.6524305,979.499577971,1771028480,2463,15360
1790606018.6912763,980.538423733,1769799680,2463,15360
1790606019.7286513,981.5757985150001,1769799680,2463,15360
1790606020.7647586,982.611905965,1771200512,2463,15360
1790606021.8022008,983.649348083,1772257280,2463,15360
1790606022.8408744,984.688021809,1771028480,2463,15360
1790606023.8769374,985.7240849340001,1773658112,2463,15360
1790606024.9146383,986.761785874,1773658112,2463,15360
1790606025.9497888,987.796936378,1773658112,2463,15360
1790606026.9850795,988.8322269330001,1773658112,2463,15360
1790606028.0227249,989.8698723289999,1771028480,2463,15360
1790606029.063189,990.910336462,1768742912,2463,15360
1790606030.1012592,991.948406406,1769971712,2463,15360
1790606031.1362596,992.983406976,1773658112,2463,15360
1790606032.175535,994.0226820820001,1773658112,2463,15360
1790606033.2134173,995.0605645790001,1773658112,2463,15360
1790606034.2497609,996.096908104,1773658112,2463,15360
1790606035.2857862,997.1329334,1769885696,2463,15360
1790606036.3208094,998.1679569150001,1768656896,2463,15360
1790606037.356755,999.2039024210001,1771114496,2463,15360
1790606038.3948908,1000.242037919,1771286528,2463,15360
1790606039.4315982,1001.278745376,1771286528,2463,15360
1790606040.4675229,1002.314670174,1769799680,2463,15360
1790606041.5040324,1003.351179405,1769885696,2463,15360
1790606042.5427146,1004.3898619050001,1771376640,2463,15360
1790606043.5787866,1005.4259339939999,1769799680,2463,15360
1790606044.6162243,1006.4633715770001,1769799680,2463,15360
1790606045.6541007,1007.5012480360001,1771200512,2463,15360
1790606046.690734,1008.537881081,1771200512,2463,15360
1790606047.7292104,1009.576357698,1771200512,2463,15360
1790606048.7649896,1010.61213705,1771200512,2463,15360
1790606049.8011017,1011.6482488510001,1771200512,2463,15360
1790606050.8363607,1012.6835080860001,1771200512,2463,15360
1790606051.8721688,1013.7193161100001,1768570880,2463,15360
1790606052.9066885,1014.753835923,1771028480,2463,15360
1790606053.9416533,1015.7888005469999,1771028480,2463,15360
1790606054.9782279,1016.8253752749999,1772429312,2463,15360
1790606056.014281,1017.8614282820001,1772429312,2463,15360
1790606057.0516894,1018.8988369250001,1772429312,2463,15360
1790606058.0883837,1019.935531071,1772429312,2463,15360
1790606059.1271935,1020.9743406380001,1773486080,2463,15360
1790606060.1629338,1022.0100809610001,1773486080,2463,15360
1790606061.2007265,1023.0478740410001,1773486080,2463,15360
1790606062.2378273,1024.084974635,1773486080,2463,15360
1790606063.275156,1025.122303437,1773486080,2463,15360
1790606064.3124797,1026.159627018,1769799680,2463,15360
1790606065.350394,1027.197541447,1769885696,2463,15360
1790606066.388075,1028.235222298,1769885696,2463,15360
1790606067.4247296,1029.271876907,1769885696,2463,15360
1790606068.4613822,1030.308529606,1769799680,2463,15360
1790606069.4964256,1031.343572936,1769799680,2463,15360
1790606070.533005,1032.380152417,1769799680,2463,15360
1790606071.5716288,1033.418776162,1769971712,2463,15360
1790606072.608248,1034.455395505,1771376640,2463,15360
1790606073.6439872,1035.491134457,1769799680,2463,15360
1790606074.680003,1036.527150238,1769799680,2463,15360
1790606075.7152307,1037.5623781040001,1769799680,2463,15360
1790606076.7508833,1038.598030481,1769799680,2463,15360
1790606077.7864795,1039.633626807,1769799680,2463,15360
1790606078.8239975,1040.671144751,1771200512,2463,15360
1790606079.859737,1041.70688417,1771200512,2463,15360
1790606080.895492,1042.74263944,1771376640,2463,15360
1790606081.9331558,1043.780303251,1771376640,2463,15360
1790606082.9704595,1044.817606728,1771376640,2463,15360
1790606084.0078812,1045.85502838,1771376640,2463,15360
1790606085.0443115,1046.89145882,1771376640,2463,15360
1790606086.0823138,1047.929460995,1771376640,2463,15360
1790606087.1172786,1048.964425639,1771376640,2463,15360
1790606088.1532207,1050.000367748,1772257280,2463,15360
1790606089.1883962,1051.035543597,1772257280,2463,15360
1790606090.2248626,1052.072009805,1772257280,2463,15360
1790606091.2636921,1053.110839447,1772257280,2463,15360
1790606092.30082,1054.1479675780001,1772257280,2463,15360
1790606093.3371217,1055.184269067,1769799680,2463,15360
1790606094.3731637,1056.220310955,1769799680,2463,15360
1790606095.4103348,1057.257482145,1769885696,2463,15360
1790606096.4467542,1058.293901668,1769885696,2463,15360
1790606097.4879966,1059.335143839,1769885696,2463,15360
1790606098.5253117,1060.37245914,1771028480,2463,15360
1790606099.561656,1061.408803362,1772257280,2463,15360
1790606100.6030495,1062.450196958,1772257280,2463,15360
1790606101.6384187,1063.48556609,1772257280,2463,15360
1790606102.6761203,1064.523267598,1768570880,2463,15360
1790606103.7120848,1065.559232156,1765101568,2463,15360
1790606104.7474768,1066.594624095,1771114496,2463,15360
1790606105.7832596,1067.630406939,1773572096,2463,15360
1790606106.8199756,1068.66712306,1772519424,2463,15360
1790606107.8558648,1069.703012127,1772519424,2463,15360
1790606108.8919623,1070.739109828,1772519424,2463,15360
1790606109.9282014,1071.77534884,1771028480,2463,15360
1790606110.9640703,1072.811217597,1771028480,2463,15360
1790606111.999534,1073.846681209,1771028480,2463,15360
1790606113.0350623,1074.882209706,1773486080,2463,15360
1790606114.0739195,1075.921066904,1773486080,2463,15360
1790606115.1086268,1076.955774201,1769799680,2463,15360
1790606116.146203,1077.993350526,1769971712,2463,15360
1790606117.1847632,1079.031910516,1771376640,2463,15360
1790606118.2210073,1080.068154753,1769799680,2463,15360
1790606119.2590692,1081.106216439,1769799680,2463,15360
1790606120.2982154,1082.145362693,1769885696,2463,15360
1790606121.3365865,1083.183733825,1769885696,2463,15360
1790606122.3727858,1084.2199331670001,1769885696,2463,15360
1790606123.4086077,1085.255755127,1769971712,2463,15360
1790606124.4438274,1086.290974724,1769971712,2463,15360
1790606125.4787667,1087.325913915,1771376640,2463,15360
1790606126.5167112,1088.363858368,1769799680,2463,15360
1790606127.5527027,1089.399850078,1771200512,2463,15360
1790606128.5901365,1090.437283922,1772523520,2463,15360
1790606129.629055,1091.4762023600001,1769799680,2463,15360
1790606130.67256,1092.519707485,1769799680,2463,15360
1790606131.7112026,1093.558349813,1769799680,2463,15360
1790606132.748103,1094.595250196,1771200512,2463,15360
1790606133.7840436,1095.631190964,1771200512,2463,15360
1790606134.819781,1096.666928516,1771200512,2463,15360
1790606135.854432,1097.701579296,1771548672,2463,15360
1790606136.8905714,1098.737718702,1772257280,2463,15360
1790606137.92635,1099.773497394,1772257280,2463,15360
1790606138.9633026,1100.810449862,1772257280,2463,15360
1790606139.9980462,1101.845193438,1769893888,2463,15360
1790606141.0334473,1102.880594592,1768660992,2463,15360
1790606142.0705957,1103.917743146,1768660992,2463,15360
1790606143.105983,1104.953130252,1769799680,2463,15360
1790606144.14279,1105.989937479,1769799680,2463,15360
1790606145.1793478,1107.02649513,1768919040,2463,15360
1790606146.2165346,1108.063681911,1769799680,2463,15360
1790606147.2540014,1109.101148829,1768742912,2463,15360
1790606148.2906952,1110.137842606,1769971712,2463,15360
1790606149.326174,1111.1733212030001,1771376640,2463,15360
1790606150.3607595,1112.207906919,1771376640,2463,15360
1790606151.397614,1113.244761522,1771376640,2463,15360
1790606152.4359288,1114.283076123,1769799680,2463,15360
1790606153.471796,1115.318943341,1768919040,2463,15360
1790606154.5076466,1116.354793926,1768919040,2463,15360
1790606155.5443554,1117.3915026490001,1769799680,2463,15360
1790606156.5815635,1118.428710774,1769799680,2463,15360
1790606157.6213844,1119.468531799,1769799680,2463,15360
1790606158.657652,1120.504799255,1768570880,2463,15360
1790606159.6922717,1121.539418776,1771200512,2463,15360
1790606160.7277887,1122.574935942,1772257280,2463,15360
1790606161.7665486,1123.613695875,1772257280,2463,15360
1790606162.801651,1124.64879814,1772429312,2463,15360
1790606163.836804,1125.683951124,1772429312,2463,15360
1790606164.8719523,1126.719099514,1768742912,2463,15360
1790606165.9071834,1127.754330698,1769971712,2463,15360
1790606166.9423685,1128.789515858,1769971712,2463,15360
1790606167.9772089,1129.824356181,1768742912,2463,15360
1790606169.0123444,1130.859491557,1769725952,2463,15360
1790606170.047638,1131.894785292,1769725952,2463,15360
1790606171.0844975,1132.931644813,1772183552,2463,15360
1790606172.1210692,1133.968216711,1769725952,2463,15360
1790606173.158967,1135.00611447,1770954752,2463,15360
1790606174.1968868,1136.044033954,1770954752,2463,15360
1790606175.236182,1137.083329489,1768587264,2463,15360
1790606176.2714288,1138.118576303,1768587264,2463,15360
1790606177.3064451,1139.153592375,1768587264,2463,15360
1790606178.3418174,1140.188964644,1768587264,2463,15360
1790606179.3769274,1141.224074854,1768587264,2463,15360
1790606180.4129384,1142.2600856220001,1768587264,2463,15360
1790606181.4479861,1143.295133583,1768587264,2463,15360
1790606182.482944,1144.330091285,1768587264,2463,15360
1790606183.5211525,1145.368299841,1768587264,2463,15360
1790606184.5575597,1146.404707171,1768587264,2463,15360
1790606185.5967262,1147.443873442,1768587264,2463,15360
1790606186.6324205,1148.479567978,1770954752,2463,15360
1790606187.6707013,1149.5178487150001,1772183552,2463,15360
1790606188.7074983,1150.554645481,1772183552,2463,15360
1790606189.7442014,1151.591348838,1772183552,2463,15360
1790606190.7806547,1152.627801913,1772183552,2463,15360
1790606191.8162365,1153.663383925,1772183552,2463,15360
1790606192.8539436,1154.701090834,1769799680,2463,15360
1790606193.8892674,1155.736414939,1769799680,2463,15360
1790606194.9287493,1156.775896633,1771200512,2463,15360
1790606195.9642227,1157.811369929,1772257280,2463,15360
1790606197.0000305,1158.8471778580001,1771028480,2463,15360
1790606198.03666,1159.883807357,1772257280,2463,15360
1790606199.0732965,1160.920443917,1771200512,2463,15360
1790606200.109643,1161.956790301,1771200512,2463,15360
1790606201.145821,1162.992968478,1772429312,2463,15360
1790606202.180869,1164.028016422,1772429312,2463,15360
1790606203.2161584,1165.063305767,1771028480,2463,15360
1790606204.2540011,1166.101148448,1765015552,2463,15360
1790606205.2907455,1167.137892842,1769799680,2463,15360
1790606206.3274355,1168.1745828580001,1769885696,2463,15360
1790606207.3641965,1169.211343894,1771376640,2463,15360
1790606208.401545,1170.24869218,1771376640,2463,15360
1790606209.4384458,1171.285593036,1772429312,2463,15360
1790606210.4752133,1172.322360713,1771548672,2463,15360
1790606211.5113125,1173.358459734,1771548672,2463,15360
1790606212.5478084,1174.3949558900001,1772257280,2463,15360
1790606213.583016,1175.430163262,1769799680,2463,15360
1790606214.6191156,1176.46626295,1769799680,2463,15360
1790606215.6540263,1177.50117355,1769799680,2463,15360
1790606216.691383,1178.538530036,1771028480,2463,15360
1790606217.7299235,1179.577071069,1769799680,2463,15360
1790606218.7649996,1180.612146955,1769799680,2463,15360
1790606219.8010297,1181.648177004,1769799680,2463,15360
1790606220.8364162,1182.683563636,1770061824,2463,15360
1790606221.8728933,1183.72004076,1770061824,2463,15360
1790606222.9088817,1184.756028933,1770061824,2463,15360
1790606223.9444432,1185.791590435,1770061824,2463,15360
1790606224.9820487,1186.829196118,1771200512,2463,15360
1790606226.018205,1187.865352237,1771200512,2463,15360
1790606227.0552433,1188.902390874,1771376640,2463,15360
1790606228.0911355,1189.938282865,1772343296,2463,15360
1790606229.1278841,1190.975031441,1772429312,2463,15360
1790606230.1632917,1192.010438849,1773658112,2463,15360
1790606231.200585,1193.047732281,1769889792,2463,15360
1790606232.2365708,1194.0837181900001,1769889792,2463,15360
1790606233.271501,1195.118648338,1769889792,2463,15360
1790606234.3063624,1196.153509556,1771114496,2463,15360
1790606235.3418458,1197.188992992,1771114496,2463,15360
1790606236.377344,1198.224491222,1771114496,2463,15360
1790606237.4151676,1199.262314753,1771114496,2463,15360
1790606238.4524665,1200.299613804,1771114496,2463,15360
1790606239.4894702,1201.336617568,1771376640,2463,15360
1790606240.5257022,1202.372849432,1771376640,2463,15360
1790606241.5619917,1203.409138907,1771376640,2463,15360
1790606242.5986354,1204.44578275,1769181184,2463,15360
1790606243.6355164,1205.482663918,1769181184,2463,15360
1790606244.6716964,1206.518843635,1769181184,2463,15360
1790606245.70835,1207.55549744,1770192896,2463,15360
1790606246.743702,1208.590849431,1770192896,2463,15360
1790606247.7801182,1209.627265733,1770192896,2463,15360
1790606248.8163602,1210.663507559,1770192896,2463,15360
1790606249.8551881,1211.702335484,1770192896,2463,15360
1790606250.8911047,1212.738252182,1770192896,2463,15360
1790606251.9272702,1213.774417468,1770192896,2463,15360
1790606252.9627454,1214.809892679,1770192896,2463,15360
1790606254.0007849,1215.84793233,1770192896,2463,15360
1790606255.0367777,1216.883925135,1770192896,2463,15360
1790606256.0746992,1217.9218467590001,1770192896,2463,15360
1790606257.1111429,1218.958290544,1770192896,2463,15360
1790606258.1470387,1219.994186017,1770192896,2463,15360
1790606259.1824372,1221.029584531,1770192896,2463,15360
1790606260.221081,1222.068228194,1770192896,2463,15360
1790606261.258167,1223.105314423,1770192896,2463,15360
1790606262.292713,1224.139860382,1770192896,2463,15360
1790606263.3280647,1225.175212269,1770192896,2463,15360
1790606264.3653412,1226.2124883860001,1770192896,2463,15360
1790606265.4019694,1227.2491167800001,1770192896,2463,15360
1790606266.4376204,1228.2847679430001,1770192896,2463,15360
1790606267.4733007,1229.320447967,1768570880,2463,15360
1790606268.5107388,1230.357886287,1769799680,2463,15360
1790606269.5463068,1231.393454146,1771200512,2463,15360
1790606270.5870538,1232.434201192,1771200512,2463,15360
1790606271.6263,1233.473447466,1772257280,2463,15360
1790606272.661795,1234.508942245,1768742912,2463,15360
1790606273.6983688,1235.545516233,1771200512,2463,15360
1790606274.7340338,1236.5811814620001,1771376640,2463,15360
1790606275.7697494,1237.616896834,1771376640,2463,15360
1790606276.8068979,1238.654045228,1774714880,2463,15360
1790606277.8422909,1239.689438323,1771200512,2463,15360
1790606278.8768785,1240.724025941,1771200512,2463,15360
1790606279.91346,1241.760607382,1771200512,2463,15360
1790606280.9510338,1242.798181229,1772257280,2463,15360
1790606281.987244,1243.834390926,1772257280,2463,15360
1790606283.0259387,1244.873085875,1772343296,2463,15360
1790606284.0637407,1245.910887777,1768656896,2463,15360
1790606285.1002977,1246.947445126,1770147840,2463,15360
1790606286.136303,1247.983450118,1770147840,2463,15360
1790606287.1723087,1249.019456043,1770147840,2463,15360
1790606288.2074165,1250.054563962,1771200512,2463,15360
1790606289.2451742,1251.092321612,1771200512,2463,15360
1790606290.2804637,1252.127610947,1771200512,2463,15360
1790606291.317905,1253.16505222,1768656896,2463,15360
1790606292.3559854,1254.203132704,1768656896,2463,15360
1790606293.3905022,1255.2376493880001,1769799680,2463,15360
1790606294.4255738,1256.272721278,1769971712,2463,15360
1790606295.464851,1257.311998328,1771028480,2463,15360
1790606296.5031211,1258.350273991,1771200512,2463,15360
1790606297.5415578,1259.388705222,1771200512,2463,15360
1790606298.578305,1260.425452344,1771200512,2463,15360
1790606299.6136997,1261.460847055,1771200512,2463,15360
1790606300.6561549,1262.5033021890001,1771200512,2463,15360
1790606301.6950626,1263.542209921,1771200512,2463,15360
1790606302.7314813,1264.578628553,1771200512,2463,15360
1790606303.7674322,1265.614579501,1772257280,2463,15360
1790606304.8041883,1266.651335556,1772257280,2463,15360
1790606305.8414235,1267.688570848,1769971712,2463,15360
1790606306.8769774,1268.724124758,1769971712,2463,15360
1790606307.9118016,1269.758948827,1769971712,2463,15360
1790606308.9483187,1270.79546602,1769971712,2463,15360
1790606309.9873493,1271.8344966070001,1769971712,2463,15360
1790606311.0231028,1272.870250054,1769971712,2463,15360
1790606312.059587,1273.906734415,1769971712,2463,15360
1790606313.0943744,1274.941521676,1769971712,2463,15360
1790606314.1321151,1275.979262361,1772257280,2463,15360
1790606315.1677728,1277.014920117,1772257280,2463,15360
1790606316.202979,1278.050126412,1772257280,2463,15360
1790606317.2393868,1279.086534075,1768570880,2463,15360
1790606318.27425,1280.121397075,1769799680,2463,15360
1790606319.3116255,1281.158772862,1769799680,2463,15360
1790606320.3481746,1282.195321941,1769885696,2463,15360
1790606321.3838804,1283.231027762,1765187584,2463,15360
1790606322.421772,1284.268919252,1768742912,2463,15360
1790606323.4620907,1285.309237942,1771118592,2463,15360
1790606324.4994133,1286.346560461,1773486080,2463,15360
1790606325.537029,1287.384176358,1771028480,2463,15360
1790606326.5724297,1288.419576791,1771028480,2463,15360
1790606327.6089823,1289.456129487,1771028480,2463,15360
1790606328.6458025,1290.492950031,1771028480,2463,15360
1790606329.6811268,1291.528274071,1771028480,2463,15360
1790606330.716081,1292.563228238,1772429312,2463,15360
1790606331.7509115,1293.59805862,1769091072,2463,15360
1790606332.7874682,1294.634615448,1771548672,2463,15360
1790606333.826352,1295.673499086,1772257280,2463,15360
1790606334.8633478,1296.710494982,1772257280,2463,15360
1790606335.9002235,1297.747370749,1772257280,2463,15360
1790606336.9386997,1298.785847104,1771028480,2463,15360
1790606337.9761586,1299.823306048,1771028480,2463,15360
1790606339.0115643,1300.858711739,1771028480,2463,15360
1790606340.0473578,1301.894504993,1772257280,2463,15360
1790606341.0841475,1302.931294765,1769799680,2463,15360
1790606342.1227632,1303.969910476,1768570880,2463,15360
1790606343.1585424,1305.005689582,1769799680,2463,15360
1790606344.195201,1306.042348634,1769799680,2463,15360
1790606345.2334886,1307.080635955,1771114496,2463,15360
1790606346.268963,1308.116110443,1771114496,2463,15360
1790606347.304444,1309.1515914240001,1771114496,2463,15360
1790606348.343226,1310.1903732,1771114496,2463,15360
1790606349.3825643,1311.229711536,1771114496,2463,15360
1790606350.4201584,1312.267305768,1771286528,2463,15360
1790606351.458243,1313.305390125,1771286528,2463,15360
1790606352.4960864,1314.343233691,1771286528,2463,15360
1790606353.5312247,1315.3783722590001,1771286528,2463,15360
1790606354.5669882,1316.414135559,1772257280,2463,15360
1790606355.6038074,1317.450954864,1768742912,2463,15360
1790606356.6411204,1318.4882679520001,1768742912,2463,15360
1790606357.678967,1319.526114266,1771032576,2463,15360
1790606358.7173352,1320.56448256,1771032576,2463,15360
1790606359.7531285,1321.600275693,1771114496,2463,15360
1790606360.7897167,1322.63686411,1773572096,2463,15360
1790606361.8254435,1323.6725908600001,1773572096,2463,15360
1790606362.8608835,1324.708030865,1773572096,2463,15360
1790606363.8968265,1325.743973954,1769799680,2463,15360
1790606364.9321609,1326.779308015,1769799680,2463,15360
1790606365.9694898,1327.816637319,1771200512,2463,15360
1790606367.006725,1328.853872514,1768570880,2463,15360
1790606368.0426576,1329.889804783,1769799680,2463,15360
1790606369.0788927,1330.926040204,1770147840,2463,15360
1790606370.1149087,1331.962056088,1771548672,2463,15360
1790606371.151316,1332.998463401,1771548672,2463,15360
1790606372.1875417,1334.034689126,1771548672,2463,15360
1790606373.2242944,1335.071441736,1771548672,2463,15360
1790606374.2593958,1336.106543218,1771548672,2463,15360
1790606375.2953417,1337.142489078,1771548672,2463,15360
1790606376.3335054,1338.180652455,1771548672,2463,15360
1790606377.3700502,1339.21719763,1771548672,2463,15360
1790606378.4064906,1340.253638051,1771548672,2463,15360
1790606379.4421847,1341.289331935,1771548672,2463,15360
1790606380.4771028,1342.324250175,1772257280,2463,15360
1790606381.5130785,1343.360225788,1768742912,2463,15360
1790606382.5478826,1344.395029723,1769799680,2463,15360
1790606383.5841103,1345.431257756,1769971712,2463,15360
1790606384.6195192,1346.466666642,1771376640,2463,15360
1790606385.6550722,1347.5022195220001,1771376640,2463,15360
1790606386.69346,1348.540607466,1772257280,2463,15360
1790606387.7304118,1349.57755914,1772257280,2463,15360
1790606388.7668343,1350.613981419,1772257280,2463,15360
1790606389.808225,1351.65537221,1769799680,2463,15360
1790606390.8440342,1352.69118178,1772257280,2463,15360
1790606391.8800175,1353.72716469,1768742912,2463,15360
1790606392.9160185,1354.763165829,1769885696,2463,15360
1790606393.952721,1355.799868434,1769885696,2463,15360
1790606394.990613,1356.837760237,1769885696,2463,15360
1790606396.026375,1357.8735225990001,1771200512,2463,15360
1790606397.0635328,1358.910680143,1771200512,2463,15360
1790606398.1021245,1359.949272018,1771200512,2463,15360
1790606399.1392555,1360.986402845,1771200512,2463,15360
1790606400.1746206,1362.02176801,1771548672,2463,15360
1790606401.2098403,1363.056987721,1771548672,2463,15360
1790606402.2465,1364.093647386,1771548672,2463,15360
1790606403.285028,1365.132175411,1772429312,2463,15360
1790606404.3220701,1366.169217247,1772429312,2463,15360
1790606405.3568988,1367.20404619,1772429312,2463,15360
1790606406.3914924,1368.238639678,1772429312,2463,15360
1790606407.4316874,1369.278834963,1772429312,2463,15360
1790606408.469697,1370.316844524,1769091072,2463,15360
1790606409.5053518,1371.352498951,1771548672,2463,15360
1790606410.5419385,1372.38908573,1771548672,2463,15360
1790606411.5785851,1373.425732428,1771548672,2463,15360
1790606412.6153889,1374.462536189,1772429312,2463,15360
1790606413.6512084,1375.498355658,1773486080,2463,15360
1790606414.688164,1376.5353112970001,1771028480,2463,15360
1790606415.7240028,1377.571150097,1771028480,2463,15360
1790606416.7593064,1378.606453981,1767342080,2463,15360
1790606417.7960641,1379.643211735,1769799680,2463,15360
1790606418.8323543,1380.679501542,1771200512,2463,15360
1790606419.8680055,1381.7151529770001,1773486080,2463,15360
1790606420.9030302,1382.750177603,1773486080,2463,15360
1790606421.938523,1383.785670458,1773486080,2463,15360
1790606422.976061,1384.82320849,1772257280,2463,15360
1790606424.012396,1385.859543285,1772257280,2463,15360
1790606425.0479217,1386.895069027,1768742912,2463,15360
1790606426.0833793,1387.930526486,1769799680,2463,15360
1790606427.1182673,1388.965414608,1771200512,2463,15360
1790606428.1546247,1390.001772096,1771200512,2463,15360
1790606429.1933174,1391.040464589,1771200512,2463,15360
1790606430.2297826,1392.076929749,1771200512,2463,15360
1790606431.2647703,1393.111917738,1771200512,2463,15360
1790606432.300235,1394.147382221,1771200512,2463,15360
1790606433.3366597,1395.183806997,1772605440,2463,15360
1790606434.375503,1396.222650484,1772605440,2463,15360
1790606435.4125218,1397.259669137,1773486080,2463,15360
1790606436.4482439,1398.295391397,1773486080,2463,15360
1790606437.4845295,1399.3316767630001,1773486080,2463,15360
1790606438.5210698,1400.368217085,1769971712,2463,15360
1790606439.5581305,1401.405277569,1771200512,2463,15360
1790606440.5976167,1402.444764123,1771200512,2463,15360
1790606441.6336277,1403.480775041,1767342080,2463,15360
1790606442.6687543,1404.515901884,1769799680,2463,15360
1790606443.7045996,1405.5517468580001,1769799680,2463,15360
1790606444.7426865,1406.5898336330001,1771200512,2463,15360
1790606445.779171,1407.62631842,1771200512,2463,15360
1790606446.8155127,1408.6626599850001,1772257280,2463,15360
1790606447.8508117,1409.697959028,1765187584,2463,15360
1790606448.8866546,1410.73380206,1769799680,2463,15360
1790606449.9221928,1411.769340171,1769799680,2463,15360
1790606450.9587529,1412.805900019,1771028480,2463,15360
1790606451.9942863,1413.841433654,1773486080,2463,15360
1790606453.0289125,1414.87606004,1773486080,2463,15360
1790606454.0639262,1415.911073726,1769799680,2463,15360
1790606455.1042125,1416.951359937,1772343296,2463,15360
1790606456.1416018,1417.988749219,1772343296,2463,15360
1790606457.1780336,1419.025180806,1772343296,2463,15360
1790606458.2161531,1420.063300503,1772343296,2463,15360
1790606459.2517693,1421.09891663,1771028480,2463,15360
1790606460.290915,1422.138062285,1771028480,2463,15360
1790606461.3265514,1423.17369893,1771200512,2463,15360
1790606462.3648572,1424.212004519,1771200512,2463,15360
1790606463.401037,1425.2481846,1773486080,2463,15360
1790606464.4361625,1426.283310016,1772257280,2463,15360
1790606465.4724739,1427.3196211910001,1772257280,2463,15360
1790606466.5074527,1428.354599995,1767342080,2463,15360
1790606467.5427644,1429.389911764,1769799680,2463,15360
1790606468.5780754,1430.425222716,1769799680,2463,15360
1790606469.6142244,1431.461371787,1769885696,2463,15360
1790606470.6602557,1432.507403096,1771028480,2463,15360
1790606471.697738,1433.544885376,1771028480,2463,15360
1790606472.7360587,1434.583205979,1771028480,2463,15360
1790606473.7711396,1435.618286814,1771028480,2463,15360
1790606474.8055835,1436.652730666,1771200512,2463,15360
1790606475.841264,1437.688411471,1771200512,2463,15360
1790606476.8772407,1438.724388024,1768656896,2463,15360
1790606477.9145825,1439.761729864,1772343296,2463,15360
1790606478.950302,1440.797449318,1769971712,2463,15360
1790606479.9854708,1441.83261794,1771200512,2463,15360
1790606481.023747,1442.870894333,1771200512,2463,15360
1790606482.062644,1443.909791362,1772257280,2463,15360
1790606483.0983632,1444.945510599,1772257280,2463,15360
1790606484.1349478,1445.982095182,1772257280,2463,15360
1790606485.1706285,1447.017775948,1772429312,2463,15360
1790606486.205611,1448.052758307,1772429312,2463,15360
1790606487.2423956,1449.089543052,1772429312,2463,15360
1790606488.2834222,1450.130569576,1772429312,2463,15360
1790606489.3187678,1451.165915135,1769799680,2463,15360
1790606490.3543963,1452.201543635,1772257280,2463,15360
1790606491.39127,1453.238417224,1767342080,2463,15360
1790606492.4265168,1454.273664085,1769799680,2463,15360
1790606493.4613838,1455.308531283,1769971712,2463,15360
1790606494.4987319,1456.345879203,1769971712,2463,15360
1790606495.5338597,1457.381007103,1771376640,2463,15360
1790606496.569099,1458.41624642,1771376640,2463,15360
1790606497.6047893,1459.4519366690001,1771376640,2463,15360
1790606498.6413221,1460.4884695160001,1772257280,2463,15360
1790606499.677496,1461.524643377,1772257280,2463,15360
1790606500.714341,1462.561488341,1768570880,2463,15360
1790606501.7502422,1463.597389634,1772257280,2463,15360
1790606502.785361,1464.632508392,1768742912,2463,15360
1790606503.8229132,1465.670060621,1772343296,2463,15360
1790606504.8584895,1466.705636998,1768570880,2463,15360
1790606505.8944194,1467.7415667,1771028480,2463,15360
1790606506.929371,1468.776518508,1773486080,2463,15360
1790606507.9649615,1469.812108934,1773486080,2463,15360
1790606509.0030456,1470.850192918,1773486080,2463,15360
1790606510.0412924,1471.888439817,1769799680,2463,15360
1790606511.0800128,1472.927160124,1771200512,2463,15360
1790606512.118738,1473.9658853380001,1771200512,2463,15360
1790606513.1545432,1475.001690491,1771200512,2463,15360
1790606514.1929467,1476.0400942410001,1773486080,2463,15360
1790606515.227876,1477.075023088,1769971712,2463,15360
1790606516.2639344,1478.11108173,1767514112,2463,15360
1790606517.3011243,1479.148271677,1769971712,2463,15360
1790606518.3369179,1480.184065116,1769971712,2463,15360
1790606519.3724802,1481.219627605,1771724800,2463,15360
1790606520.4083502,1482.255497401,1771200512,2463,15360
1790606521.4434006,1483.290548101,1771200512,2463,15360
1790606522.4824517,1484.329599071,1771200512,2463,15360
1790606523.5179074,1485.3650547290001,1771200512,2463,15360
1790606524.5552254,1486.402372597,1771200512,2463,15360
1790606525.5916767,1487.438823915,1771200512,2463,15360
1790606526.628772,1488.475919338,1771200512,2463,15360
1790606527.6646683,1489.511816034,1772429312,2463,15360
1790606528.7011278,1490.548274884,1771286528,2463,15360
1790606529.736368,1491.583515343,1771286528,2463,15360
1790606530.7718117,1492.618959261,1771286528,2463,15360
1790606531.8088624,1493.656009811,1771286528,2463,15360
1790606532.8443804,1494.691527681,1771286528,2463,15360
1790606533.8792937,1495.726441024,1771548672,2463,15360
1790606534.913791,1496.760938407,1771548672,2463,15360
1790606535.9493983,1497.796545632,1771548672,2463,15360
1790606536.9870296,1498.834176719,1771548672,2463,15360
1790606538.0233648,1499.870512239,1771548672,2463,15360
1790606539.0591369,1500.906284048,1771548672,2463,15360
1790606540.0944123,1501.941559702,1772429312,2463,15360
1790606541.131849,1502.97899619,1769971712,2463,15360
1790606542.1672156,1504.0143629250001,1769799680,2463,15360
1790606543.2032385,1505.050385857,1769799680,2463,15360
1790606544.240366,1506.087513365,1769885696,2463,15360
1790606545.276227,1507.123374495,1769885696,2463,15360
1790606546.3133333,1508.160480533,1769971712,2463,15360
1790606547.3488972,1509.196044616,1772257280,2463,15360
1790606548.3852546,1510.232402086,1769971712,2463,15360
1790606549.4212549,1511.268402142,1769971712,2463,15360
1790606550.4566927,1512.303840168,1771028480,2463,15360
1790606551.4928362,1513.339983703,1771028480,2463,15360
1790606552.5297394,1514.376886498,1769971712,2463,15360
1790606553.5660253,1515.413172652,1769971712,2463,15360
1790606554.6049528,1516.452100256,1771376640,2463,15360
1790606555.6417446,1517.488891983,1771376640,2463,15360
1790606556.6805842,1518.5277314940001,1771376640,2463,15360
1790606557.7169824,1519.564129632,1772429312,2463,15360
1790606558.7538044,1520.6009519890001,1772429312,2463,15360
1790606559.7896235,1521.636770841,1768742912,2463,15360
1790606560.8256867,1522.672834173,1769799680,2463,15360
1790606561.8611078,1523.708254869,1772257280,2463,15360
1790606562.8972669,1524.744414138,1772257280,2463,15360
1790606563.93279,1525.77993737,1772257280,2463,15360
1790606564.9711916,1526.8183389170001,1772343296,2463,15360
1790606566.0074036,1527.854550953,1772343296,2463,15360
1790606567.0417383,1528.888885679,1769799680,2463,15360
1790606568.078637,1529.92578429,1769799680,2463,15360
1790606569.1150613,1530.962208587,1769885696,2463,15360
1790606570.151385,1531.998532345,1769885696,2463,15360
1790606571.1872783,1533.034425556,1771114496,2463,15360
1790606572.2234566,1534.070603728,1771114496,2463,15360
1790606573.259438,1535.106585308,1771200512,2463,15360
1790606574.2953038,1536.142451162,1771200512,2463,15360
1790606575.3324258,1537.179573027,1773486080,2463,15360
1790606576.3679307,1538.215077895,1773486080,2463,15360
1790606577.404954,1539.252101264,1773486080,2463,15360
1790606578.4406235,1540.287770979,1773486080,2463,15360
1790606579.475467,1541.322614303,1769799680,2463,15360
1790606580.5111885,1542.358335836,1769971712,2463,15360
1790606581.5465028,1543.393650227,1771028480,2463,15360
1790606582.5839245,1544.431071936,1772257280,2463,15360
1790606583.6202407,1545.467388007,1772257280,2463,15360
1790606584.6558506,1546.502998015,1772257280,2463,15360
1790606585.6927614,1547.539908663,1772257280,2463,15360
1790606586.727434,1548.574581268,1772257280,2463,15360
1790606587.7636924,1549.61083961,1768742912,2463,15360
1790606588.799434,1550.6465813300001,1769799680,2463,15360
1790606589.8356254,1551.68277277,1771376640,2463,15360
1790606590.8716295,1552.718776869,1771376640,2463,15360
1790606591.907959,1553.755106314,1768919040,2463,15360
1790606592.9435692,1554.790716538,1771376640,2463,15360
1790606593.9787898,1555.825937297,1769799680,2463,15360
1790606595.014221,1556.861368335,1769971712,2463,15360
1790606596.0492086,1557.89635586,1769971712,2463,15360
1790606597.0841572,1558.931304443,1769971712,2463,15360
1790606598.12081,1559.967957309,1769971712,2463,15360
1790606599.1573572,1561.00450463,1771376640,2463,15360
1790606600.1941977,1562.041344949,1769799680,2463,15360
1790606601.2298484,1563.076995583,1769799680,2463,15360
1790606602.2654436,1564.112591029,1771028480,2463,15360
1790606603.299972,1565.147119518,1771028480,2463,15360
1790606604.3358295,1566.182976943,1772429312,2463,15360
1790606605.3709788,1567.218126262,1769971712,2463,15360
1790606606.4066184,1568.253765599,1769971712,2463,15360
1790606607.4429114,1569.290058941,1769971712,2463,15360
1790606608.478856,1570.326003483,1771200512,2463,15360
1790606609.5140405,1571.361187886,1771286528,2463,15360
1790606610.5505388,1572.3976861200001,1771286528,2463,15360
1790606611.5878768,1573.435024151,1771286528,2463,15360
1790606612.6249344,1574.472081832,1771286528,2463,15360
1790606613.6614335,1575.508580668,1772257280,2463,15360
1790606614.6970227,1576.5441700420001,1772257280,2463,15360
1790606615.732641,1577.5797883320001,1773658112,2463,15360
1790606616.7697241,1578.616871488,1769799680,2463,15360
1790606617.8063073,1579.653454739,1769799680,2463,15360
1790606618.8461528,1580.693300029,1769885696,2463,15360
1790606619.8847654,1581.731912661,1769885696,2463,15360
1790606620.9200249,1582.767172095,1771114496,2463,15360
1790606621.9567437,1583.803891113,1771114496,2463,15360
1790606622.9930594,1584.840206798,1771114496,2463,15360
1790606624.0294247,1585.876571982,1771114496,2463,15360
1790606625.0673862,1586.914533554,1772343296,2463,15360
1790606626.104071,1587.951218374,1768570880,2463,15360
1790606627.1405663,1588.987713648,1771028480,2463,15360
1790606628.1765425,1590.023689913,1768570880,2463,15360
1790606629.2121358,1591.059282995,1769971712,2463,15360
1790606630.248504,1592.09565105,1769971712,2463,15360
1790606631.2839475,1593.131094843,1769971712,2463,15360
1790606632.3201897,1594.1673369110001,1772257280,2463,15360
1790606633.3570635,1595.204210758,1769889792,2463,15360
1790606634.3927872,1596.239934579,1769889792,2463,15360
1790606635.4291823,1597.276329424,1771118592,2463,15360
1790606636.4660175,1598.313164857,1771118592,2463,15360
1790606637.5060716,1599.353218872,1771118592,2463,15360
1790606638.5433996,1600.39054706,1771118592,2463,15360
1790606639.57954,1601.426687311,1771118592,2463,15360
1790606640.6207204,1602.467867698,1771118592,2463,15360
1790606641.6569939,1603.5041412780001,1768861696,2463,15360
1790606642.6933913,1604.540538724,1768861696,2463,15360
1790606643.7297766,1605.576923789,1768861696,2463,15360
1790606644.769184,1606.616331251,1768861696,2463,15360
1790606645.8051198,1607.652267194,1770090496,2463,15360
1790606646.840583,1608.687730483,1770090496,2463,15360
1790606647.8763115,1609.723458823,1767632896,2463,15360
1790606648.9121194,1610.7592667420001,1770090496,2463,15360
1790606649.9491107,1611.796258114,1772548096,2463,15360
1790606650.98653,1612.8336773830001,1768861696,2463,15360
1790606652.0270095,1613.874156826,1768861696,2463,15360
1790606653.06563,1614.912777272,1768861696,2463,15360
1790606654.1021864,1615.949333797,1768861696,2463,15360
1790606655.1390152,1616.986162574,1768861696,2463,15360
1790606656.1744165,1618.021564062,1768861696,2463,15360
1790606657.209314,1619.056461342,1768861696,2463,15360
1790606658.2456024,1620.092749596,1768861696,2463,15360
1790606659.2830193,1621.13016673,1768861696,2463,15360
1790606660.320443,1622.167590224,1768861696,2463,15360
1790606661.3567657,1623.203913135,1768861696,2463,15360
1790606662.394464,1624.241611364,1768861696,2463,15360
1790606663.4345393,1625.281686725,1768861696,2463,15360
1790606664.4709046,1626.318051922,1768861696,2463,15360
1790606665.5070558,1627.354203271,1768861696,2463,15360
1790606666.5434618,1628.390609155,1769799680,2463,15360
1790606667.5801294,1629.427276519,1769799680,2463,15360
1790606668.6182277,1630.465374952,1771200512,2463,15360
1790606669.6545193,1631.5016667,1772257280,2463,15360
1790606670.6913853,1632.538532695,1772257280,2463,15360
1790606671.7271357,1633.574283068,1768742912,2463,15360
1790606672.7636356,1634.610783128,1771200512,2463,15360
1790606673.7991486,1635.646295902,1772257280,2463,15360
1790606674.8368955,1636.684042862,1772257280,2463,15360
1790606675.872927,1637.720074357,1772429312,2463,15360
1790606676.9078977,1638.755044951,1772429312,2463,15360
1790606677.9441822,1639.791329446,1772429312,2463,15360
1790606678.9814625,1640.828609847,1772429312,2463,15360
1790606680.0163696,1641.863516884,1769799680,2463,15360
1790606681.0527966,1642.899943886,1771028480,2463,15360
1790606682.0883594,1643.9355067440001,1772429312,2463,15360
1790606683.1238825,1644.971029836,1772429312,2463,15360
1790606684.1627598,1646.009907051,1772429312,2463,15360
1790606685.1987443,1647.045891676,1772429312,2463,15360
1790606686.2385476,1648.085694704,1768742912,2463,15360
1790606687.2735047,1649.120652141,1769885696,2463,15360
1790606688.308688,1650.15583524,1769885696,2463,15360
1790606689.3450592,1651.192206319,1769971712,2463,15360
1790606690.3849015,1652.232048866,1769971712,2463,15360
1790606691.4206228,1653.267770133,1769799680,2463,15360
1790606692.4582057,1654.305352966,1769799680,2463,15360
1790606693.4938915,1655.341038938,1769971712,2463,15360
1790606694.5298104,1656.3769576,1769971712,2463,15360
1790606695.5706348,1657.41778208,1769971712,2463,15360
1790606696.6063056,1658.453452942,1769971712,2463,15360
1790606697.6449306,1659.492077932,1769971712,2463,15360
1790606698.6808205,1660.527967803,1769971712,2463,15360
1790606699.7187023,1661.565849762,1769799680,2463,15360
1790606700.7537997,1662.6009471730001,1772257280,2463,15360
1790606701.791296,1663.638443449,1772257280,2463,15360
1790606702.8274724,1664.674619693,1768919040,2463,15360
1790606703.8632452,1665.710392578,1769885696,2463,15360
1790606704.8998628,1666.747010061,1769885696,2463,15360
1790606705.9404676,1667.787614891,1771200512,2463,15360
1790606706.9778376,1668.824984751,1771200512,2463,15360
1790606708.013128,1669.860275262,1772257280,2463,15360
1790606709.049802,1670.896949196,1772257280,2463,15360
1790606710.0852258,1671.932373137,1769885696,2463,15360
1790606711.1215868,1672.968734049,1769885696,2463,15360
1790606712.1588335,1674.0059808400001,1769971712,2463,15360
1790606713.1972935,1675.044440936,1769971712,2463,15360
1790606714.2339134,1676.081060663,1769971712,2463,15360
1790606715.270128,1677.117275299,1772257280,2463,15360
1790606716.3082814,1678.1554285930001,1769799680,2463,15360
1790606717.3440502,1679.191197577,1769799680,2463,15360
1790606718.3801136,1680.227260933,1769799680,2463,15360
1790606719.4148214,1681.2619688300001,1772257280,2463,15360
1790606720.4507613,1682.297908661,1772429312,2463,15360
1790606721.4858632,1683.333010443,1771028480,2463,15360
1790606722.5227182,1684.369865577,1771028480,2463,15360
1790606723.559557,1685.4067041800001,1771028480,2463,15360
1790606724.5952544,1686.44240175,1771028480,2463,15360
1790606725.6314585,1687.478605927,1771028480,2463,15360
1790606726.667028,1688.514175473,1768833024,2463,15360
1790606727.703818,1689.550965222,1769799680,2463,15360
1790606728.740275,1690.5874222950001,1769799680,2463,15360
1790606729.7761989,1691.623346191,1769971712,2463,15360
1790606730.812807,1692.659954497,1770147840,2463,15360
1790606731.8501456,1693.697292952,1770147840,2463,15360
1790606732.88674,1694.733887424,1771028480,2463,15360
1790606733.922526,1695.769673224,1771028480,2463,15360
1790606734.9591887,1696.806336143,1771028480,2463,15360
1790606735.9967844,1697.843931736,1773486080,2463,15360
1790606737.033368,1698.880515525,1773486080,2463,15360
1790606738.0705812,1699.9177286670001,1769971712,2463,15360
1790606739.1070724,1700.954219705,1769971712,2463,15360
1790606740.1429088,1701.990056161,1769971712,2463,15360
1790606741.1795259,1703.026673375,1769799680,2463,15360
1790606742.215663,1704.062810294,1769799680,2463,15360
1790606743.2537827,1705.100930199,1769971712,2463,15360
1790606744.289796,1706.136943344,1771200512,2463,15360
1790606745.3251724,1707.172319681,1771200512,2463,15360
1790606746.3606503,1708.207797448,1771200512,2463,15360
1790606747.3961048,1709.243251962,1771200512,2463,15360
1790606748.4368935,1710.284040687,1771376640,2463,15360
1790606749.4785347,1711.325681922,1771376640,2463,15360
1790606750.51668,1712.363827249,1771376640,2463,15360
1790606751.552567,1713.399714375,1771376640,2463,15360
1790606752.5885427,1714.435690133,1771376640,2463,15360
1790606753.6262562,1715.4734035230001,1771376640,2463,15360
1790606754.66332,1716.510467385,1772257280,2463,15360
1790606755.6996348,1717.546782186,1768656896,2463,15360
1790606756.7346475,1718.581794825,1769971712,2463,15360
1790606757.7724905,1719.619637793,1770147840,2463,15360
1790606758.8088665,1720.656013875,1771548672,2463,15360
1790606759.846097,1721.693244371,1771548672,2463,15360
1790606760.883606,1722.730753456,1772429312,2463,15360
1790606761.9221866,1723.769333787,1772429312,2463,15360
1790606762.9574015,1724.804549021,1771028480,2463,15360
1790606763.9932768,1725.840424239,1771028480,2463,15360
1790606765.0300403,1726.877187697,1771028480,2463,15360
1790606766.0663173,1727.913464727,1769799680,2463,15360
1790606767.1028454,1728.9499926830001,1769799680,2463,15360
1790606768.1380713,1729.985218573,1768742912,2463,15360
1790606769.1746168,1731.0217642740001,1768742912,2463,15360
1790606770.2107627,1732.057910113,1768742912,2463,15360
1790606771.2495594,1733.096706697,1768742912,2463,15360
1790606772.2855897,1734.132737036,1771118592,2463,15360
1790606773.3233948,1735.170542362,1771118592,2463,15360
1790606774.35955,1736.206697198,1772257280,2463,15360
1790606775.399106,1737.246253454,1772257280,2463,15360
1790606776.4353077,1738.282454979,1772257280,2463,15360
1790606777.4704013,1739.317548566,1770147840,2463,15360
1790606778.504852,1740.351999163,1770147840,2463,15360
1790606779.540647,1741.387794278,1771548672,2463,15360
1790606780.5804794,1742.427626764,1771548672,2463,15360
1790606781.616507,1743.463654427,1771028480,2463,15360
1790606782.6512713,1744.498419147,1773486080,2463,15360
1790606783.6867323,1745.5338798340001,1768919040,2463,15360
1790606784.7233164,1746.570463682,1771376640,2463,15360
1790606785.7623107,1747.6094580230001,1773834240,2463,15360
1790606786.7994864,1748.64663375,1769971712,2463,15360
1790606787.8357503,1749.6828977320001,1769971712,2463,15360
1790606788.8719187,1750.719065779,1771376640,2463,15360
1790606789.9068174,1751.753964932,1771376640,2463,15360
1790606790.9455104,1752.7926581460001,1768570880,2463,15360
1790606791.9818223,1753.828969683,1769799680,2463,15360
1790606793.0176263,1754.864773725,1771200512,2463,15360
1790606794.0535767,1755.900723994,1771200512,2463,15360
1790606795.089342,1756.936489578,1769799680,2463,15360
1790606796.1260772,1757.97322444,1769971712,2463,15360
1790606797.1642756,1759.011423228,1769971712,2463,15360
1790606798.2002714,1760.047418624,1769971712,2463,15360
1790606799.2359908,1761.08313822,1772257280,2463,15360
1790606800.2714453,1762.1185926360001,1768570880,2463,15360
1790606801.3078375,1763.1549845700001,1771028480,2463,15360
1790606802.3451595,1764.192306762,1769799680,2463,15360
1790606803.3812437,1765.228391001,1771376640,2463,15360
1790606804.4179866,1766.265134017,1771376640,2463,15360
1790606805.4536083,1767.300755423,1771376640,2463,15360
1790606806.48848,1768.335627473,1772429312,2463,15360
1790606807.5255718,1769.372719149,1768570880,2463,15360
1790606808.5604703,1770.407617694,1769799680,2463,15360
1790606809.5964048,1771.443552131,1772257280,2463,15360
1790606810.637481,1772.484628363,1772343296,2463,15360
1790606811.6740053,1773.521152492,1772343296,2463,15360
1790606812.7096102,1774.556757464,1772343296,2463,15360
1790606813.7497704,1775.596917687,1772343296,2463,15360
1790606814.7873077,1776.63445516,1772343296,2463,15360
1790606815.8234417,1777.670588898,1768771584,2463,15360
1790606816.8587248,1778.705872331,1770000384,2463,15360
1790606817.895479,1779.742626379,1770000384,2463,15360
1790606818.9331403,1780.78028748,1770000384,2463,15360
1790606819.9683626,1781.815509865,1770000384,2463,15360
1790606821.0039272,1782.851074719,1770000384,2463,15360
1790606822.03925,1783.886397217,1770000384,2463,15360
1790606823.0756445,1784.922791742,1770000384,2463,15360
1790606824.1128654,1785.960012945,1770000384,2463,15360
1790606825.14901,1786.996157189,1770000384,2463,15360
1790606826.1839662,1788.0311135040001,1770000384,2463,15360
1790606827.2197912,1789.06693832,1770000384,2463,15360
1790606828.2558925,1790.103039925,1770000384,2463,15360
1790606829.2922397,1791.139387008,1770000384,2463,15360
1790606830.3293886,1792.176535779,1772457984,2463,15360
1790606831.3658006,1793.2129479980001,1771229184,2463,15360
1790606832.402334,1794.249481397,1773686784,2463,15360
1790606833.4385808,1795.285728099,1771229184,2463,15360
1790606834.473593,1796.320740456,1772457984,2463,15360
1790606835.508621,1797.355768501,1772457984,2463,15360
1790606836.544623,1798.3917701990001,1770000384,2463,15360
1790606837.580257,1799.427404384,1770000384,2463,15360
1790606838.6165905,1800.463738037,1771401216,2463,15360
1790606839.6526847,1801.499832184,1771401216,2463,15360
1790606840.6960347,1802.543181876,1768570880,2463,15360
1790606841.7335835,1803.580730656,1769799680,2463,15360
1790606842.7684877,1804.615635002,1769971712,2463,15360
1790606843.803587,1805.6507344030001,1771376640,2463,15360
1790606844.8400126,1806.687159759,1771376640,2463,15360
1790606845.8764071,1807.7235543680001,1771376640,2463,15360
1790606846.9120924,1808.759239855,1769799680,2463,15360
1790606847.949337,1809.796484303,1771200512,2463,15360
1790606848.9854772,1810.832624483,1771200512,2463,15360
1790606850.0212116,1811.868358926,1771200512,2463,15360
1790606851.055797,1812.902944439,1771200512,2463,15360
1790606852.0935004,1813.940647766,1771376640,2463,15360
1790606853.1291206,1814.976267883,1773658112,2463,15360
1790606854.1642034,1816.011350935,1773658112,2463,15360
1790606855.1991432,1817.046290379,1773658112,2463,15360
1790606856.236586,1818.083733214,1769799680,2463,15360
1790606857.2732399,1819.120386927,1773486080,2463,15360
1790606858.3093197,1820.156466902,1773486080,2463,15360
1790606859.3452456,1821.192392994,1769971712,2463,15360
1790606860.3811808,1822.228327945,1772429312,2463,15360
1790606861.416455,1823.26360233,1768919040,2463,15360
1790606862.453093,1824.3002473269999,1772343296,2463,15360
1790606863.4887414,1825.3358885940002,1768919040,2463,15360
1790606864.526316,1826.3734632740002,1771376640,2463,15360
1790606865.5626435,1827.4097909420002,1768570880,2463,15360
1790606866.5985646,1828.445711896,1769799680,2463,15360
1790606867.6357052,1829.482852699,1769971712,2463,15360
1790606868.6701133,1830.51726062,1772429312,2463,15360
1790606869.7071319,1831.5542793190002,1771200512,2463,15360
1790606870.7420347,1832.5891821210002,1771200512,2463,15360
1790606871.7781243,1833.625271763,1769799680,2463,15360
1790606872.8137622,1834.660909577,1772257280,2463,15360
1790606873.849322,1835.69646942,1772257280,2463,15360
1790606874.8852139,1836.732361293,1768919040,2463,15360
1790606875.9206095,1837.76775704,1769971712,2463,15360
1790606876.9554706,1838.8026180269999,1771114496,2463,15360
1790606877.9903395,1839.8374869919999,1771114496,2463,15360
1790606879.0298843,1840.877031855,1771114496,2463,15360
1790606880.0653718,1841.912519086,1771114496,2463,15360
1790606881.099927,1842.9470745510002,1771114496,2463,15360
1790606882.136106,1843.983253336,1771114496,2463,15360
1790606883.173515,1845.020662299,1771548672,2463,15360
1790606884.2130888,1846.0602360100002,1771548672,2463,15360
1790606885.248802,1847.0959493569999,1771028480,2463,15360
1790606886.2845228,1848.131670057,1769799680,2463,15360
1790606887.3221917,1849.169338829,1769799680,2463,15360
1790606888.3589883,1850.2061356959998,1769799680,2463,15360
1790606889.394992,1851.242139469,1771114496,2463,15360
1790606890.4315941,1852.27874157,1768570880,2463,15360
1790606891.4683414,1853.3154884639998,1769799680,2463,15360
1790606892.5060606,1854.3532078439998,1769799680,2463,15360
1790606893.5411904,1855.3883376540002,1771114496,2463,15360
1790606894.576006,1856.4231533359998,1771114496,2463,15360
1790606895.6116898,1857.4588370420001,1771114496,2463,15360
1790606896.6471822,1858.49432969,1771114496,2463,15360
1790606897.682951,1859.530098356,1771114496,2463,15360
1790606898.7180285,1860.5651757760002,1771114496,2463,15360
1790606899.7548928,1861.602040072,1771114496,2463,15360
1790606900.7912276,1862.638375042,1771200512,2463,15360
1790606901.8284593,1863.675606664,1771200512,2463,15360
1790606902.8677542,1864.714901637,1771200512,2463,15360
1790606903.903621,1865.7507683039998,1771200512,2463,15360
1790606904.941656,1866.7888035209999,1771200512,2463,15360
1790606905.9777339,1867.8248812000002,1771200512,2463,15360
1790606907.0151548,1868.86230218,1771204608,2463,15360
1790606908.050143,1869.8972903439999,1771204608,2463,15360
1790606909.085151,1870.9322984149999,1771204608,2463,15360
1790606910.122307,1871.969454392,1771204608,2463,15360
1790606911.1599677,1873.00711507,1771204608,2463,15360
1790606912.1975935,1874.0447406879998,1772605440,2463,15360
1790606913.2340078,1875.081155239,1772605440,2463,15360
1790606914.268972,1876.116119376,1771028480,2463,15360
1790606915.305344,1877.1524912650002,1767542784,2463,15360
1790606916.342532,1878.189679226,1770000384,2463,15360
1790606917.3795424,1879.2266895980001,1770000384,2463,15360
1790606918.4158168,1880.262964124,1773858816,2463,15360
1790606919.4514315,1881.298578813,1773858816,2463,15360
1790606920.4876184,1882.3347659810001,1770262528,2463,15360
1790606921.5251327,1883.3722798029999,1770262528,2463,15360
1790606922.560125,1884.4072725300002,1772548096,2463,15360
1790606923.5960975,1885.443244831,1772548096,2463,15360
1790606924.6320925,1886.4792398690001,1772548096,2463,15360
1790606925.6688693,1887.516016647,1772720128,2463,15360
1790606926.7089946,1888.5561417590002,1769033728,2463,15360
1790606927.7478068,1889.5949541680002,1770090496,2463,15360
1790606928.7854314,1890.6325787669998,1771667456,2463,15360
1790606929.8244588,1891.67160591,1771667456,2463,15360
1790606930.8601456,1892.7072929699998,1771667456,2463,15360
1790606931.8965816,1893.7437290890002,1771667456,2463,15360
1790606932.9326572,1894.779804418,1772720128,2463,15360
1790606933.969885,1895.817032601,1771319296,2463,15360
1790606935.0059881,1896.8531354830002,1771319296,2463,15360
1790606936.0408044,1897.8879518130002,1772548096,2463,15360
1790606937.07782,1898.924967545,1770090496,2463,15360
1790606938.1161118,1899.9632591270001,1772548096,2463,15360
1790606939.1532397,1901.0003871019999,1772548096,2463,15360
1790606940.1905293,1902.037676766,1767514112,2463,15360
1790606941.2271132,1903.0742605780001,1769971712,2463,15360
1790606942.2632196,1904.110366982,1769971712,2463,15360
1790606943.3007746,1905.1479219839998,1772429312,2463,15360
1790606944.3395622,1906.186709401,1771200512,2463,15360
1790606945.375831,1907.222978117,1771200512,2463,15360
1790606946.4140851,1908.261232579,1771286528,2463,15360
1790606947.449771,1909.2969182860002,1771286528,2463,15360
1790606948.4851546,1910.3323017860002,1771286528,2463,15360
1790606949.521724,1911.368871146,1771286528,2463,15360
1790606950.5571117,1912.404259248,1771376640,2463,15360
1790606951.5922756,1913.4394229260001,1769971712,2463,15360
1790606952.6277852,1914.474932648,1769971712,2463,15360
1790606953.6639626,1915.51111004,1769971712,2463,15360
1790606954.7013135,1916.5484607080002,1769971712,2463,15360
1790606955.738611,1917.5857582080002,1771376640,2463,15360
1790606956.7757552,1918.622902605,1771376640,2463,15360
1790606957.8112519,1919.6583992,1771376640,2463,15360
1790606958.8491635,1920.6963109859998,1771376640,2463,15360
1790606959.8853326,1921.732479788,1771376640,2463,15360
1790606960.921792,1922.768939478,1771376640,2463,15360
1790606961.9589858,1923.8061330159999,1771376640,2463,15360
1790606962.9951851,1924.8423324589999,1771376640,2463,15360
1790606964.0315015,1925.8786490349999,1771376640,2463,15360
1790606965.069221,1926.9163685930002,1767477248,2463,15360
1790606966.105618,1927.952765211,1769934848,2463,15360
1790606967.1428134,1928.989960712,1769934848,2463,15360
1790606968.178429,1930.0255761399999,1769934848,2463,15360
1790606969.2168586,1931.0640059090001,1769934848,2463,15360
1790606970.2548387,1932.101986015,1769934848,2463,15360
1790606971.2901554,1933.137302965,1772392448,2463,15360
1790606972.326243,1934.1733900909999,1769054208,2463,15360
1790606973.361908,1935.2090553570001,1769934848,2463,15360
1790606974.398597,1936.2457445139999,1769934848,2463,15360
1790606975.436541,1937.2836886280002,1771163648,2463,15360
1790606976.4755428,1938.322690216,1767477248,2463,15360
1790606977.5134685,1939.3606158500002,1769934848,2463,15360
1790606978.5489643,1940.396111729,1769934848,2463,15360
1790606979.5857198,1941.432867309,1769934848,2463,15360
1790606980.6284587,1942.4756060650002,1769934848,2463,15360
1790606981.665541,1943.5126884750002,1771163648,2463,15360
1790606982.7007375,1944.547884876,1771163648,2463,15360
1790606983.7362106,1945.5833579119999,1771339776,2463,15360
1790606984.771275,1946.618422309,1771163648,2463,15360
1790606985.8071063,1947.6542537330001,1772392448,2463,15360
1790606986.8416905,1948.688838004,1768706048,2463,15360
1790606987.8768919,1949.7240392459998,1769934848,2463,15360
1790606988.912415,1950.759562406,1769934848,2463,15360
1790606989.9481325,1951.7952799969999,1767342080,2463,15360
1790606990.9852943,1952.832441611,1769799680,2463,15360
1790606992.0218685,1953.86901601,1769799680,2463,15360
1790606993.058982,1954.9061293569998,1771200512,2463,15360
1790606994.0947833,1955.9419306200002,1771200512,2463,15360
1790606995.1309798,1956.9781270090002,1771200512,2463,15360
1790606996.1696305,1958.016777668,1771200512,2463,15360
1790606997.207221,1959.054368348,1771200512,2463,15360
1790606998.2438893,1960.0910366570001,1771376640,2463,15360
1790606999.2786183,1961.125765658,1769971712,2463,15360
1790607000.317531,1962.164678652,1771200512,2463,15360
1790607001.3549798,1963.2021271630001,1771200512,2463,15360
1790607002.3923423,1964.2394895400002,1769971712,2463,15360
1790607003.427437,1965.2745844229999,1769971712,2463,15360
1790607004.4617412,1966.30888865,1769971712,2463,15360
1790607005.4977672,1967.344914365,1771200512,2463,15360
1790607006.5357175,1968.3828647149999,1771200512,2463,15360
1790607007.5719576,1969.419104917,1772257280,2463,15360
1790607008.6094706,1970.456617968,1768742912,2463,15360
1790607009.6470177,1971.4941650189999,1771200512,2463,15360
1790607010.687305,1972.5344523140002,1773658112,2463,15360
1790607011.7232459,1973.570393179,1773658112,2463,15360
1790607012.7585883,1974.60573573,1768656896,2463,15360
1790607013.794301,1975.641448411,1773572096,2463,15360
1790607014.8295243,1976.6766716030002,1773572096,2463,15360
1790607015.86571,1977.7128575420002,1773572096,2463,15360
1790607016.9030836,1978.7502309780002,1773572096,2463,15360
1790607017.9379947,1979.7851420480001,1773572096,2463,15360
1790607018.9752393,1980.822386452,1773572096,2463,15360
1790607020.0116434,1981.858790891,1773572096,2463,15360
1790607021.0486555,1982.8958029310002,1773572096,2463,15360
1790607022.0933146,1983.9404620159999,1773572096,2463,15360
1790607023.130046,1984.977193188,1773572096,2463,15360
1790607024.16713,1986.014277369,1773572096,2463,15360
1790607025.2028215,1987.04996868,1773572096,2463,15360
1790607026.2387013,1988.0858486450002,1773572096,2463,15360
1790607027.27362,1989.1207673600002,1773572096,2463,15360
1790607028.309068,1990.156215388,1773572096,2463,15360
1790607029.3466907,1991.1938378270002,1773572096,2463,15360
1790607030.381843,1992.2289904160002,1773617152,2463,15360
1790607031.418716,1993.265863094,1773617152,2463,15360
1790607032.4566586,1994.3038059710002,1773617152,2463,15360
1790607033.4922,1995.3393473730002,1773617152,2463,15360
1790607034.529604,1996.376751142,1773617152,2463,15360
1790607035.5660253,1997.413172486,1773617152,2463,15360
1790607036.6027224,1998.4498696639998,1773617152,2463,15360
1790607037.6384215,1999.4855687499999,1773617152,2463,15360
1790607038.6748729,2000.5220200090002,1773617152,2463,15360
1790607039.7104948,2001.5576419519998,1767342080,2463,15360
1790607040.7460666,2002.5932141160001,1769799680,2463,15360
1790607041.7823925,2003.629539941,1769799680,2463,15360
1790607042.816721,2004.663868619,1769971712,2463,15360
1790607043.8545718,2005.701719219,1769971712,2463,15360
1790607044.8902779,2006.7374251689998,1769971712,2463,15360
1790607045.926418,2007.7735653700001,1769971712,2463,15360
1790607046.9626987,2008.809846177,1769971712,2463,15360
1790607047.9990857,2009.846233014,1772257280,2463,15360
1790607049.035767,2010.882914421,1772257280,2463,15360
1790607050.0732613,2011.9204085780002,1769971712,2463,15360
1790607051.108389,2012.955536161,1769971712,2463,15360
1790607052.1443133,2013.991460628,1771376640,2463,15360
1790607053.179855,2015.027002411,1771028480,2463,15360
1790607054.2161293,2016.0632765179998,1771028480,2463,15360
1790607055.251932,2017.0990793249998,1771200512,2463,15360
1790607056.288169,2018.13531638,1772261376,2463,15360
1790607057.3266516,2019.1737988210002,1772261376,2463,15360
1790607058.3631556,2020.2103030449998,1773658112,2463,15360
1790607059.3988059,2021.245953053,1770061824,2463,15360
1790607060.4337764,2022.28092367,1770061824,2463,15360
1790607061.471856,2023.3190033310002,1770061824,2463,15360
1790607062.5092666,2024.356413847,1771028480,2463,15360
1790607063.544319,2025.3914663260002,1771028480,2463,15360
1790607064.5806007,2026.427748184,1767428096,2463,15360
1790607065.6167786,2027.463925958,1772343296,2463,15360
1790607066.6535366,2028.5006838620002,1772343296,2463,15360
1790607067.6927729,2029.5399202469998,1772343296,2463,15360
1790607068.7289152,2030.5760626239999,1769799680,2463,15360
1790607069.7648702,2031.6120175320002,1769799680,2463,15360
1790607070.8002274,2032.647374781,1769799680,2463,15360
1790607071.8375456,2033.6846931119999,1769971712,2463,15360
1790607072.8766344,2034.723781708,1771376640,2463,15360
1790607073.9180505,2035.765197918,1771028480,2463,15360
1790607074.9526074,2036.799754925,1769971712,2463,15360
1790607075.9893272,2037.8364745540002,1769971712,2463,15360
1790607077.027952,2038.87509929,1769971712,2463,15360
1790607078.0643046,2039.9114520809999,1771200512,2463,15360
1790607079.1007152,2040.9478627140002,1771200512,2463,15360
1790607080.1366975,2041.983845009,1774714880,2463,15360
1790607081.1731362,2043.020283576,1771028480,2463,15360
1790607082.2095885,2044.056735866,1771028480,2463,15360
1790607083.246594,2045.093741351,1771028480,2463,15360
1790607084.2833452,2046.1304925680001,1772347392,2463,15360
1790607085.3189712,2047.1661184650002,1772347392,2463,15360
1790607086.3551526,2048.202300062,1772347392,2463,15360
1790607087.39242,2049.239567474,1772347392,2463,15360
1790607088.4291134,2050.276260644,1768570880,2463,15360
1790607089.4661884,2051.313335941,1767342080,2463,15360
1790607090.5024462,2052.349593488,1769799680,2463,15360
1790607091.5393157,2053.386462997,1772257280,2463,15360
1790607092.576978,2054.424125142,1772257280,2463,15360
1790607093.61269,2055.459837274,1772429312,2463,15360
1790607094.6496413,2056.496788655,1772429312,2463,15360
1790607095.6853616,2057.532508984,1772429312,2463,15360
1790607096.7223146,2058.56946175,1771028480,2463,15360
1790607097.761783,2059.6089300510002,1773486080,2463,15360
1790607098.7985954,2060.645742529,1773486080,2463,15360
1790607099.8341906,2061.681337756,1773486080,2463,15360
1790607100.874174,2062.721321528,1769799680,2463,15360
1790607101.909716,2063.756863301,1770147840,2463,15360
1790607102.944958,2064.792105224,1770147840,2463,15360
1790607103.982144,2065.82929141,1770147840,2463,15360
1790607105.0170567,2066.86420413,1770147840,2463,15360
1790607106.052394,2067.899541444,1770147840,2463,15360
1790607107.089773,2068.9369205460002,1772257280,2463,15360
1790607108.1262364,2069.973383707,1769799680,2463,15360
1790607109.162998,2071.0101453390002,1769799680,2463,15360
1790607110.1990168,2072.046164017,1772257280,2463,15360
1790607111.23615,2073.083297388,1772257280,2463,15360
1790607112.2729583,2074.120105656,1772257280,2463,15360
1790607113.309217,2075.156364289,1772257280,2463,15360
1790607114.346245,2076.193392513,1767342080,2463,15360
1790607115.384475,2077.231622203,1769799680,2463,15360
1790607116.4192467,2078.266393916,1772257280,2463,15360
1790607117.4551773,2079.302324463,1772257280,2463,15360
1790607118.4923224,2080.339469971,1768742912,2463,15360
1790607119.5280225,2081.375169964,1771028480,2463,15360
1790607120.5627549,2082.409902211,1771028480,2463,15360
1790607121.6005642,2083.447711585,1771376640,2463,15360
1790607122.6361625,2084.483309928,1771028480,2463,15360
1790607123.6746302,2085.521777626,1772257280,2463,15360
1790607124.711001,2086.55814813,1772257280,2463,15360
1790607125.7507782,2087.597925212,1772257280,2463,15360
1790607126.7855484,2088.632696168,1772257280,2463,15360
1790607127.8207173,2089.667864557,1772257280,2463,15360
1790607128.8560731,2090.703220504,1768742912,2463,15360
1790607129.8922057,2091.739353002,1773486080,2463,15360
1790607130.9277472,2092.774894593,1773486080,2463,15360
1790607131.9625125,2093.809659574,1773486080,2463,15360
1790607133.0013409,2094.848488315,1773486080,2463,15360
1790607134.040784,2095.8879312980002,1770319872,2463,15360
1790607135.076715,2096.923862415,1770319872,2463,15360
1790607136.11677,2097.9639174,1770319872,2463,15360
1790607137.1533833,2099.000530408,1770319872,2463,15360
1790607138.189393,2100.036540467,1771376640,2463,15360
1790607139.2314224,2101.078570086,1767473152,2463,15360
1790607140.269917,2102.117064374,1769799680,2463,15360
1790607141.306776,2103.153923464,1769799680,2463,15360
1790607142.3431106,2104.190258176,1769971712,2463,15360
1790607143.3780932,2105.225240754,1770147840,2463,15360
1790607144.4129157,2106.260063175,1770147840,2463,15360
1790607145.4513547,2107.298501936,1770147840,2463,15360
1790607146.4881744,2108.335321776,1771028480,2463,15360
1790607147.5241897,2109.371337085,1772257280,2463,15360
1790607148.5615637,2110.408710986,1772257280,2463,15360
1790607149.6002517,2111.447398956,1772257280,2463,15360
1790607150.645848,2112.492995369,1772257280,2463,15360
1790607151.6826231,2113.529770497,1772257280,2463,15360
1790607152.7187588,2114.565906242,1772429312,2463,15360
1790607153.7548177,2115.601965271,1772429312,2463,15360
1790607154.792684,2116.6398314460002,1772429312,2463,15360
1790607155.8311813,2117.678328614,1772429312,2463,15360
1790607156.8688073,2118.715954823,1772429312,2463,15360
1790607157.905233,2119.752380299,1772429312,2463,15360
1790607158.9436362,2120.790783514,1771028480,2463,15360
1790607159.9809546,2121.828102071,1773486080,2463,15360
1790607161.0178962,2122.865043488,1772429312,2463,15360
1790607162.0534444,2123.900591722,1772429312,2463,15360
1790607163.088602,2124.935749539,1772429312,2463,15360
1790607164.1257992,2125.972946489,1772429312,2463,15360
1790607165.1642776,2127.011424707,1769799680,2463,15360
1790607166.2002077,2128.047355032,1772257280,2463,15360
1790607167.2364902,2129.083637598,1772257280,2463,15360
1790607168.2723026,2130.119450044,1772257280,2463,15360
1790607169.307336,2131.15448352,1772257280,2463,15360
1790607170.3418064,2132.188953552,1772257280,2463,15360
1790607171.3769372,2133.224084577,1772257280,2463,15360
1790607172.4108481,2134.2579955730002,1772257280,2463,15360
1790607173.4463189,2135.293466193,1771376640,2463,15360
1790607174.4820242,2136.329171493,1771376640,2463,15360
1790607175.5177767,2137.364923891,1768833024,2463,15360
1790607176.5547266,2138.401874075,1771290624,2463,15360
1790607177.5903785,2139.437525914,1768919040,2463,15360
1790607178.6270525,2140.4741997290002,1769799680,2463,15360
1790607179.6617975,2141.508945014,1772257280,2463,15360
1790607180.6979825,2142.545129828,1772257280,2463,15360
1790607181.7351997,2143.582346928,1769885696,2463,15360
1790607182.7715118,2144.618659134,1769885696,2463,15360
1790607183.8070571,2145.654204436,1771200512,2463,15360
1790607184.8437417,2146.690888983,1771200512,2463,15360
1790607185.8814108,2147.728558124,1771200512,2463,15360
1790607186.916945,2148.764092141,1771298816,2463,15360
1790607187.9541504,2149.801297807,1771298816,2463,15360
1790607188.9943109,2150.841458272,1773486080,2463,15360
1790607190.029599,2151.876746297,1769799680,2463,15360
1790607191.0658023,2152.912949726,1769799680,2463,15360
1790607192.1040082,2153.95115537,1769799680,2463,15360
1790607193.1438103,2154.990957477,1769799680,2463,15360
1790607194.1800864,2156.027233564,1771114496,2463,15360
1790607195.2167952,2157.063942527,1771114496,2463,15360
1790607196.25281,2158.099957387,1771114496,2463,15360
1790607197.2873802,2159.1345274,1771114496,2463,15360
1790607198.324022,2160.17116925,1771200512,2463,15360
1790607199.3592124,2161.206359628,1771200512,2463,15360
1790607200.3933156,2162.240462895,1771200512,2463,15360
1790607201.4284647,2163.275611962,1771200512,2463,15360
1790607202.4658644,2164.313011839,1771200512,2463,15360
1790607203.502488,2165.349635284,1769091072,2463,15360
1790607204.5390038,2166.3861511210002,1769971712,2463,15360
1790607205.5784063,2167.4255536690002,1770319872,2463,15360
1790607206.6131475,2168.46029465,1770319872,2463,15360
1790607207.6499825,2169.497129897,1770319872,2463,15360
1790607208.6854305,2170.532577973,1770319872,2463,15360
1790607209.7203047,2171.56745195,1772429312,2463,15360
1790607210.7577949,2172.604942466,1771200512,2463,15360
1790607211.7932303,2173.640377584,1771376640,2463,15360
1790607212.8288102,2174.675957636,1771376640,2463,15360
1790607213.8637223,2175.710869734,1771376640,2463,15360
1790607214.8985145,2176.745661927,1769799680,2463,15360
1790607215.933708,2177.780855399,1769799680,2463,15360
1790607216.9682112,2178.815358591,1769885696,2463,15360
1790607218.0038395,2179.8509868730002,1769885696,2463,15360
1790607219.0396512,2180.886798227,1770147840,2463,15360
1790607220.0782201,2181.925367349,1770147840,2463,15360
1790607221.115333,2182.962480576,1771286528,2463,15360
1790607222.1527832,2183.9999305750002,1771286528,2463,15360
1790607223.1887999,2185.035947182,1771286528,2463,15360
1790607224.2251487,2186.072295954,1771286528,2463,15360
1790607225.2608054,2187.107952828,1771286528,2463,15360
1790607226.297529,2188.144676314,1771286528,2463,15360
1790607227.3331676,2189.18031505,1771286528,2463,15360
1790607228.3693955,2190.216542748,1771290624,2463,15360
1790607229.4054902,2191.252637474,1771290624,2463,15360
1790607230.4433186,2192.290465965,1772429312,2463,15360
1790607231.4793704,2193.326517678,1772429312,2463,15360
1790607232.516261,2194.363408472,1772429312,2463,15360
1790607233.5514774,2195.398624811,1772429312,2463,15360
1790607234.5865858,2196.43373321,1771200512,2463,15360
1790607235.6235275,2197.470674795,1771200512,2463,15360
1790607236.6612234,2198.508370697,1772429312,2463,15360
1790607237.698511,2199.545658258,1771028480,2463,15360
1790607238.7349133,2200.582060585,1773658112,2463,15360
1790607239.7703366,2201.617483803,1769799680,2463,15360
1790607240.8050635,2202.652210774,1772257280,2463,15360
1790607241.839982,2203.687129522,1771548672,2463,15360
1790607242.8747673,2204.721914675,1771548672,2463,15360
1790607243.9131005,2205.76024793,1771548672,2463,15360
1790607244.9488964,2206.796043972,1768742912,2463,15360
1790607245.9843223,2207.831469539,1771200512,2463,15360
1790607247.0212467,2208.868394069,1771200512,2463,15360
1790607248.0585098,2209.905657118,1771200512,2463,15360
1790607249.0957973,2210.942944605,1771200512,2463,15360
1790607250.130993,2211.978140147,1771200512,2463,15360
1790607251.1660545,2213.013201854,1771200512,2463,15360
1790607252.2015593,2214.0487066690002,1771200512,2463,15360
1790607253.2375743,2215.084721712,1772257280,2463,15360
1790607254.2718263,2216.118973443,1772257280,2463,15360
1790607255.307363,2217.154510518,1772257280,2463,15360
1790607256.3417351,2218.188882437,1772257280,2463,15360
1790607257.375386,2219.222533336,1769799680,2463,15360
1790607258.4127903,2220.259937673,1769799680,2463,15360
1790607259.4495516,2221.296699001,1768742912,2463,15360
1790607260.4854689,2222.332616251,1769885696,2463,15360
1790607261.5212674,2223.368414705,1769885696,2463,15360
1790607262.5559304,2224.403077577,1769971712,2463,15360
1790607263.5905147,2225.437662027,1769971712,2463,15360
1790607264.6274104,2226.474557587,1769971712,2463,15360
1790607265.6629262,2227.510073445,1771200512,2463,15360
1790607266.698972,2228.546119317,1771200512,2463,15360
1790607267.7351027,2229.582249981,1771200512,2463,15360
1790607268.7711308,2230.618278215,1771200512,2463,15360
1790607269.8090644,2231.656211814,1771200512,2463,15360
1790607270.8433444,2232.690491853,1771200512,2463,15360
1790607271.8790083,2233.726155628,1771200512,2463,15360
1790607272.9139776,2234.761124924,1771200512,2463,15360
1790607273.9507313,2235.797878551,1771200512,2463,15360
1790607274.9872289,2236.834376239,1771200512,2463,15360
1790607276.0238805,2237.871027887,1771200512,2463,15360
1790607277.0611663,2238.908313801,1771200512,2463,15360
1790607278.097751,2239.944898073,1771290624,2463,15360
1790607279.1336634,2240.980810766,1773486080,2463,15360
1790607280.1711936,2242.018340954,1769799680,2463,15360
1790607281.2064543,2243.053601524,1770319872,2463,15360
1790607282.243422,2244.09056923,1772605440,2463,15360
1790607283.2788398,2245.125987178,1769091072,2463,15360
1790607284.313765,2246.160912199,1770147840,2463,15360
1790607285.3500304,2247.19717765,1770147840,2463,15360
1790607286.3868906,2248.234038207,1768660992,2463,15360
1790607287.4225733,2249.269720461,1771118592,2463,15360
1790607288.4587722,2250.305919587,1771294720,2463,15360
1790607289.4937465,2251.340893855,1768660992,2463,15360
1790607290.532968,2252.38011509,1768660992,2463,15360
1790607291.5724316,2253.419578867,1769889792,2463,15360
1790607292.6096323,2254.456779637,1769889792,2463,15360
1790607293.648813,2255.49596038,1769889792,2463,15360
1790607294.683544,2256.530691162,1771290624,2463,15360
1790607295.7206416,2257.567788933,1769799680,2463,15360
1790607296.7576923,2258.604839945,1769799680,2463,15360
1790607297.7937448,2259.640892196,1769799680,2463,15360
1790607298.8293467,2260.67649397,1771118592,2463,15360
1790607299.8651142,2261.712261565,1771118592,2463,15360
1790607300.9013908,2262.748538158,1771118592,2463,15360
1790607301.9416018,2263.788749238,1771298816,2463,15360
1790607302.9777427,2264.8248901800002,1772257280,2463,15360
1790607304.014888,2265.862035312,1772257280,2463,15360
1790607305.050293,2266.897440325,1772343296,2463,15360
1790607306.0874588,2267.934606096,1772343296,2463,15360
1790607307.1222675,2268.969414707,1772343296,2463,15360
1790607308.1577983,2270.004945647,1769799680,2463,15360
1790607309.1953235,2271.042470805,1772257280,2463,15360
1790607310.2307553,2272.077902617,1772257280,2463,15360
1790607311.2652152,2273.112362381,1772429312,2463,15360
1790607312.3027577,2274.149904839,1772605440,2463,15360
1790607313.339645,2275.186792196,1772605440,2463,15360
1790607314.373859,2276.221006124,1770000384,2463,15360
1790607315.408545,2277.255692437,1770000384,2463,15360
1790607316.445124,2278.292271096,1770000384,2463,15360
1790607317.481188,2279.328335385,1770000384,2463,15360
1790607318.5165048,2280.363652191,1770000384,2463,15360
1790607319.5530884,2281.400235771,1770000384,2463,15360
1790607320.5946522,2282.441799457,1770000384,2463,15360
1790607321.629947,2283.477094103,1770000384,2463,15360
1790607322.6662724,2284.513419933,1770000384,2463,15360
1790607323.7027247,2285.549871972,1770000384,2463,15360
1790607324.7385337,2286.585680993,1770000384,2463,15360
1790607325.7752137,2287.622361187,1770000384,2463,15360
1790607326.8113592,2288.658506589,1770000384,2463,15360
1790607327.847529,2289.694676257,1770000384,2463,15360
1790607328.8833928,2290.730540142,1770000384,2463,15360
1790607329.921251,2291.768398537,1770000384,2463,15360
1790607330.9558222,2292.802969723,1770000384,2463,15360
1790607331.9915464,2293.838693713,1770000384,2463,15360
1790607333.0273738,2294.874520983,1770000384,2463,15360
1790607334.0617077,2295.908855223,1770000384,2463,15360
1790607335.101532,2296.948679067,1770000384,2463,15360
1790607336.1364164,2297.983563737,1770000384,2463,15360
1790607337.1721087,2299.019255709,1768771584,2463,15360
1790607338.2076058,2300.05475286,1770000384,2463,15360
1790607339.244445,2301.091592872,1770000384,2463,15360
1790607340.2819984,2302.129145565,1770000384,2463,15360
1790607341.3168058,2303.163953269,1770000384,2463,15360
1790607342.3515382,2304.198685463,1772457984,2463,15360
1790607343.387455,2305.2346023650002,1768771584,2463,15360
1790607344.4237683,2306.270915767,1771229184,2463,15360
1790607345.4611566,2307.308304104,1771229184,2463,15360
1790607346.4977088,2308.344856085,1771229184,2463,15360
1790607347.5334976,2309.380644735,1771229184,2463,15360
1790607348.569757,2310.416904221,1771229184,2463,15360
1790607349.6047068,2311.451854144,1770000384,2463,15360
1790607350.6453822,2312.492529403,1770000384,2463,15360
1790607351.6814022,2313.5285492450002,1770000384,2463,15360
1790607352.7159462,2314.56309358,1771401216,2463,15360
1790607353.751492,2315.598639403,1771401216,2463,15360
1790607354.7869213,2316.634068418,1771401216,2463,15360
1790607355.8227286,2317.669876107,1771401216,2463,15360
1790607356.859225,2318.706372399,1771401216,2463,15360
1790607357.894219,2319.741366362,1771401216,2463,15360
1790607358.9292383,2320.776385618,1771401216,2463,15360
1790607359.964435,2321.811582516,1772457984,2463,15360
1790607360.9995732,2322.846720511,1770000384,2463,15360
1790607362.0356102,2323.882757392,1770000384,2463,15360
1790607363.0731034,2324.920250841,1770000384,2463,15360
1790607364.1107862,2325.957933646,1769799680,2463,15360
1790607365.1464713,2326.993618517,1769799680,2463,15360
1790607366.1813886,2328.028535763,1769799680,2463,15360
1790607367.2189581,2329.066105296,1771032576,2463,15360
1790607368.2548048,2330.101952135,1771204608,2463,15360
1790607369.2903564,2331.137503723,1771204608,2463,15360
1790607370.3252628,2332.172410153,1771204608,2463,15360
1790607371.359008,2333.206155434,1771204608,2463,15360
1790607372.3997025,2334.246850079,1773486080,2463,15360
1790607373.43664,2335.283787289,1769971712,2463,15360
1790607374.4720175,2336.3191648,1771376640,2463,15360
1790607375.5086184,2337.355765531,1771376640,2463,15360
1790607376.5432,2338.390347336,1771376640,2463,15360
1790607377.578804,2339.425951227,1773658112,2463,15360
1790607378.613766,2340.460913205,1773658112,2463,15360
1790607379.648228,2341.495375043,1773658112,2463,15360
1790607380.6862893,2342.533436831,1769799680,2463,15360
1790607381.721796,2343.568943418,1771376640,2463,15360
1790607382.7568786,2344.604025928,1771376640,2463,15360
1790607383.7954721,2345.642619541,1771376640,2463,15360
1790607384.8338804,2346.681027657,1768570880,2463,15360
1790607385.8699846,2347.717131731,1772257280,2463,15360
1790607386.9056475,2348.752795317,1768742912,2463,15360
1790607387.9418862,2349.789033693,1769889792,2463,15360
1790607388.9785414,2350.825688744,1769889792,2463,15360
1790607390.0159252,2351.863072408,1769889792,2463,15360
1790607391.0514266,2352.898573978,1769889792,2463,15360
1790607392.0891774,2353.936324512,1771114496,2463,15360
1790607393.1279352,2354.97508242,1771028480,2463,15360
1790607394.1649332,2356.012080539,1773486080,2463,15360
1790607395.201651,2357.048798638,1771028480,2463,15360
1790607396.2380831,2358.085230358,1771028480,2463,15360
1790607397.2729192,2359.1200666610002,1771028480,2463,15360
1790607398.3078947,2360.155042261,1771200512,2463,15360
1790607399.3431656,2361.1903129830002,1771200512,2463,15360
1790607400.3811371,2362.228284362,1771200512,2463,15360
1790607401.4188063,2363.265953599,1771200512,2463,15360
1790607402.4545963,2364.301743637,1771200512,2463,15360
1790607403.4899917,2365.337139096,1768570880,2463,15360
1790607404.5252924,2366.372439656,1769799680,2463,15360
1790607405.5628161,2367.409963572,1769799680,2463,15360
1790607406.6003125,2368.447459865,1769799680,2463,15360
1790607407.6367474,2369.4838945320002,1769799680,2463,15360
1790607408.6737902,2370.52093761,1771028480,2463,15360
1790607409.7111642,2371.558311456,1771028480,2463,15360
1790607410.746859,2372.594006374,1772257280,2463,15360
1790607411.7836096,2373.630756997,1772257280,2463,15360
1790607412.8204107,2374.667557917,1769799680,2463,15360
1790607413.8561838,2375.703331257,1768771584,2463,15360
1790607414.8926802,2376.739827533,1768771584,2463,15360
1790607415.9295292,2377.776676326,1768771584,2463,15360
1790607416.9669979,2378.814144916,1770000384,2463,15360
1790607418.0047224,2379.851869919,1770000384,2463,15360
1790607419.0419366,2380.889083956,1771229184,2463,15360
1790607420.0791624,2381.926309664,1771229184,2463,15360
1790607421.115495,2382.96264229,1772457984,2463,15360
1790607422.15246,2383.999607371,1771229184,2463,15360
1790607423.190311,2385.037458357,1771229184,2463,15360
1790607424.2272773,2386.0744245700002,1773686784,2463,15360
1790607425.2631686,2387.110315953,1771229184,2463,15360
1790607426.2997887,2388.146936176,1768771584,2463,15360
1790607427.3400183,2389.187165412,1771229184,2463,15360
1790607428.3778868,2390.225034018,1771229184,2463,15360
1790607429.4140527,2391.26119985,1772457984,2463,15360
1790607430.4490483,2392.296195666,1772457984,2463,15360
1790607431.4840436,2393.331190921,1772457984,2463,15360
1790607432.5205786,2394.367725939,1768771584,2463,15360
1790607433.5581892,2395.405336298,1768771584,2463,15360
1790607434.5939927,2396.441139934,1770000384,2463,15360
1790607435.630529,2397.477676326,1772457984,2463,15360
1790607436.6671834,2398.514330529,1768771584,2463,15360
1790607437.7045243,2399.551671457,1768771584,2463,15360
1790607438.7411952,2400.588342731,1768771584,2463,15360
1790607439.7764611,2401.623608324,1768771584,2463,15360
1790607440.8114219,2402.658569396,1768771584,2463,15360
1790607441.8493319,2403.696479378,1768771584,2463,15360
1790607442.887136,2404.734283381,1768771584,2463,15360
1790607443.923762,2405.770909511,1768771584,2463,15360
1790607444.9600859,2406.807233204,1768771584,2463,15360
1790607445.9955833,2407.842730626,1771229184,2463,15360
1790607447.0327501,2408.879897395,1771229184,2463,15360
1790607448.0691843,2409.916331547,1771229184,2463,15360
1790607449.1048095,2410.951956809,1771229184,2463,15360
1790607450.142185,2411.989332328,1771229184,2463,15360
1790607451.178425,2413.025572548,1771229184,2463,15360
1790607452.2143507,2414.061498031,1771229184,2463,15360
1790607453.2531471,2415.10029433,1768947712,2463,15360
1790607454.2926502,2416.139797456,1771405312,2463,15360
1790607455.3299797,2417.177127094,1771405312,2463,15360
1790607456.3686929,2418.215840375,1768771584,2463,15360
1790607457.4054294,2419.252576608,1768771584,2463,15360
1790607458.4442377,2420.291385251,1768771584,2463,15360
1790607459.4810474,2421.328194658,1770000384,2463,15360
1790607460.5175424,2422.364689805,1770348544,2463,15360
1790607461.5535753,2423.400722489,1768771584,2463,15360
1790607462.5894186,2424.436566184,1768771584,2463,15360
1790607463.6262493,2425.473396479,1768771584,2463,15360
1790607464.662452,2426.509599286,1768771584,2463,15360
1790607465.7030015,2427.550148969,1768771584,2463,15360
1790607466.7383432,2428.585490621,1769799680,2463,15360
1790607467.7753742,2429.622521371,1768570880,2463,15360
1790607468.8135197,2430.660667008,1769799680,2463,15360
1790607469.8530602,2431.700207587,1769799680,2463,15360
1790607470.8899608,2432.737108087,1769799680,2463,15360
1790607471.930411,2433.777558319,1769799680,2463,15360
1790607472.9670668,2434.814214215,1772257280,2463,15360
1790607474.0032125,2435.85035982,1769799680,2463,15360
1790607475.0406332,2436.887780579,1769799680,2463,15360
1790607476.0786226,2437.9257698,1769799680,2463,15360
1790607477.1148362,2438.961983602,1769799680,2463,15360
1790607478.1516128,2439.998760022,1768656896,2463,15360
1790607479.1894152,2441.036562412,1771114496,2463,15360
1790607480.227062,2442.074209342,1771114496,2463,15360
1790607481.2652183,2443.112365477,1771114496,2463,15360
1790607482.3045506,2444.151698037,1771114496,2463,15360
1790607483.341458,2445.188605614,1771114496,2463,15360
1790607484.3767931,2446.223940484,1772257280,2463,15360
1790607485.4125907,2447.259738216,1772257280,2463,15360
1790607486.4494114,2448.296558632,1768742912,2463,15360
1790607487.485523,2449.332670271,1771200512,2463,15360
1790607488.5214894,2450.368636864,1768771584,2463,15360
1790607489.557274,2451.4044214680002,1768771584,2463,15360
1790607490.5974808,2452.444627982,1768771584,2463,15360
1790607491.6360183,2453.483165561,1768771584,2463,15360
1790607492.6710453,2454.518192728,1768771584,2463,15360
1790607493.706795,2455.55394242,1768771584,2463,15360
1790607494.7459493,2456.593096545,1768771584,2463,15360
1790607495.784113,2457.63126024,1768771584,2463,15360
1790607496.8213148,2458.668462206,1768771584,2463,15360
1790607497.8586144,2459.705761834,1770000384,2463,15360
1790607498.8950498,2460.742197138,1770000384,2463,15360
1790607499.930781,2461.777928323,1770000384,2463,15360
1790607500.967278,2462.814425483,1770000384,2463,15360
1790607502.0028577,2463.850005094,1770000384,2463,15360
1790607503.0399652,2464.887112593,1770000384,2463,15360
1790607504.0765736,2465.923721045,1772457984,2463,15360
1790607505.1134305,2466.960577848,1768771584,2463,15360
1790607506.1505053,2467.997652502,1770000384,2463,15360
1790607507.187039,2469.034186219,1770000384,2463,15360
1790607508.2246513,2470.071798697,1770000384,2463,15360
1790607509.2607007,2471.10784813,1770000384,2463,15360
1790607510.3020442,2472.149191419,1770000384,2463,15360
1790607511.3388894,2473.186036752,1770000384,2463,15360
1790607512.3746421,2474.221789528,1770000384,2463,15360
1790607513.4120424,2475.259189879,1768771584,2463,15360
1790607514.4475863,2476.294733635,1768771584,2463,15360
1790607515.4849412,2477.332088622,1771229184,2463,15360
1790607516.5240467,2478.371193926,1771229184,2463,15360
1790607517.560278,2479.407425319,1771229184,2463,15360
1790607518.5997024,2480.44684961,1771229184,2463,15360
1790607519.6358333,2481.482980539,1771229184,2463,15360
1790607520.6772904,2482.524437744,1768771584,2463,15360
1790607521.7163446,2483.563491706,1771229184,2463,15360
1790607522.7525773,2484.599724579,1767628800,2463,15360
1790607523.7887816,2485.635929021,1768857600,2463,15360
1790607524.8249414,2486.672088779,1768857600,2463,15360
1790607525.861944,2487.709091287,1768857600,2463,15360
1790607526.8975644,2488.744711848,1768857600,2463,15360
1790607527.9337914,2489.780938742,1768857600,2463,15360
1790607528.9701104,2490.817257733,1768857600,2463,15360
1790607530.0093174,2491.856464723,1768857600,2463,15360
1790607531.0463989,2492.893546262,1768857600,2463,15360
1790607532.0854626,2493.932610003,1768857600,2463,15360
1790607533.121982,2494.969129424,1768857600,2463,15360
1790607534.1617308,2496.008878049,1772634112,2463,15360
1790607535.1983404,2497.045487708,1770000384,2463,15360
1790607536.23673,2498.083877449,1771229184,2463,15360
1790607537.2732546,2499.12040192,1771229184,2463,15360
1790607538.3087125,2500.155859801,1795108864,2463,15360
1790607539.3465085,2501.19365579,1796325376,2463,15360
1790607540.3814154,2502.228562657,1819246592,2463,15360
1790607541.41811,2503.265257177,1778880512,2463,15360
